batch_id,origin,target_timestamp,station_id,lead_time_hours,forecast_continuous,forecast_count,model_role,batch_status,source_hash,model_hash,config_hash,actual,seasonal_naive,historical_median
4799756a8f9dda34299801a613f6175124e06094ed475bb920a77c5e1ee8ca60,2026-01-26T12:00:00+01:00,2026-01-27 06:00:00+00:00,1,19.0,2024.4064482540061,2024,champion,healthy,15682f6be018f30297392bda75887a3f89bd48268bc00c1bdda73340408ebba7,f3c7998026261a2e1726c7131e72a648f23038f537348645bc030b37f33009c8,29fe462d72acc526a154415b00881baaba6dd59ad3d1cb74c34b9effa46c5596,2173.0,2442.0,2476.0
4799756a8f9dda34299801a613f6175124e06094ed475bb920a77c5e1ee8ca60,2026-01-26T12:00:00+01:00,2026-01-27 06:00:00+00:00,10,19.0,2493.9745904784695,2494,champion,healthy,15682f6be018f30297392bda75887a3f89bd48268bc00c1bdda73340408ebba7,f3c7998026261a2e1726c7131e72a648f23038f537348645bc030b37f33009c8,29fe462d72acc526a154415b00881baaba6dd59ad3d1cb74c34b9effa46c5596,2403.0,2872.0,2351.5
4799756a8f9dda34299801a613f6175124e06094ed475bb920a77c5e1ee8ca60,2026-01-26T12:00:00+01:00,2026-01-27 06:00:00+00:00,2,19.0,357.77835818413917,358,champion,healthy,15682f6be018f30297392bda75887a3f89bd48268bc00c1bdda73340408ebba7,f3c7998026261a2e1726c7131e72a648f23038f537348645bc030b37f33009c8,29fe462d72acc526a154415b00881baaba6dd59ad3d1cb74c34b9effa46c5596,357.0,373.0,408.0
4799756a8f9dda34299801a613f6175124e06094ed475bb920a77c5e1ee8ca60,2026-01-26T12:00:00+01:00,2026-01-27 06:00:00+00:00,3,19.0,667.2058944508658,667,champion,healthy,15682f6be018f30297392bda75887a3f89bd48268bc00c1bdda73340408ebba7,f3c7998026261a2e1726c7131e72a648f23038f537348645bc030b37f33009c8,29fe462d72acc526a154415b00881baaba6dd59ad3d1cb74c34b9effa46c5596,589.0,478.0,752.0
4799756a8f9dda34299801a613f6175124e06094ed475bb920a77c5e1ee8ca60,2026-01-26T12:00:00+01:00,2026-01-27 06:00:00+00:00,4,19.0,1161.730508292826,1162,champion,healthy,15682f6be018f30297392bda75887a3f89bd48268bc00c1bdda73340408ebba7,f3c7998026261a2e1726c7131e72a648f23038f537348645bc030b37f33009c8,29fe462d72acc526a154415b00881baaba6dd59ad3d1cb74c34b9effa46c5596,1415.0,1144.0,1351.5
4799756a8f9dda34299801a613f6175124e06094ed475bb920a77c5e1ee8ca60,2026-01-26T12:00:00+01:00,2026-01-27 06:00:00+00:00,5,19.0,2657.4241659926674,2657,champion,healthy,15682f6be018f30297392bda75887a3f89bd48268bc00c1bdda73340408ebba7,f3c7998026261a2e1726c7131e72a648f23038f537348645bc030b37f33009c8,29fe462d72acc526a154415b00881baaba6dd59ad3d1cb74c34b9effa46c5596,3035.0,2801.0,2788.0
4799756a8f9dda34299801a613f6175124e06094ed475bb920a77c5e1ee8ca60,2026-01-26T12:00:00+01:00,2026-01-27 06:00:00+00:00,6,19.0,2702.3159564551634,2702,champion,healthy,15682f6be018f30297392bda75887a3f89bd48268bc00c1bdda73340408ebba7,f3c7998026261a2e1726c7131e72a648f23038f537348645bc030b37f33009c8,29fe462d72acc526a154415b00881baaba6dd59ad3d1cb74c34b9effa46c5596,2818.0,2740.0,2811.0
4799756a8f9dda34299801a613f6175124e06094ed475bb920a77c5e1ee8ca60,2026-01-26T12:00:00+01:00,2026-01-27 06:00:00+00:00,7,19.0,194.0950896452598,194,champion,healthy,15682f6be018f30297392bda75887a3f89bd48268bc00c1bdda73340408ebba7,f3c7998026261a2e1726c7131e72a648f23038f537348645bc030b37f33009c8,29fe462d72acc526a154415b00881baaba6dd59ad3d1cb74c34b9effa46c5596,184.0,173.0,177.5
4799756a8f9dda34299801a613f6175124e06094ed475bb920a77c5e1ee8ca60,2026-01-26T12:00:00+01:00,2026-01-27 06:00:00+00:00,8,19.0,453.7008386988148,454,champion,healthy,15682f6be018f30297392bda75887a3f89bd48268bc00c1bdda73340408ebba7,f3c7998026261a2e1726c7131e72a648f23038f537348645bc030b37f33009c8,29fe462d72acc526a154415b00881baaba6dd59ad3d1cb74c34b9effa46c5596,390.0,530.0,554.5
4799756a8f9dda34299801a613f6175124e06094ed475bb920a77c5e1ee8ca60,2026-01-26T12:00:00+01:00,2026-01-27 06:00:00+00:00,9,19.0,948.706537329633,949,champion,healthy,15682f6be018f30297392bda75887a3f89bd48268bc00c1bdda73340408ebba7,f3c7998026261a2e1726c7131e72a648f23038f537348645bc030b37f33009c8,29fe462d72acc526a154415b00881baaba6dd59ad3d1cb74c34b9effa46c5596,1029.0,983.0,864.0
4799756a8f9dda34299801a613f6175124e06094ed475bb920a77c5e1ee8ca60,2026-01-26T12:00:00+01:00,2026-01-27 07:00:00+00:00,1,20.0,2257.540414909637,2258,champion,healthy,15682f6be018f30297392bda75887a3f89bd48268bc00c1bdda73340408ebba7,f3c7998026261a2e1726c7131e72a648f23038f537348645bc030b37f33009c8,29fe462d72acc526a154415b00881baaba6dd59ad3d1cb74c34b9effa46c5596,1980.0,2665.0,2292.0
4799756a8f9dda34299801a613f6175124e06094ed475bb920a77c5e1ee8ca60,2026-01-26T12:00:00+01:00,2026-01-27 07:00:00+00:00,10,20.0,3509.3231425615168,3509,champion,healthy,15682f6be018f30297392bda75887a3f89bd48268bc00c1bdda73340408ebba7,f3c7998026261a2e1726c7131e72a648f23038f537348645bc030b37f33009c8,29fe462d72acc526a154415b00881baaba6dd59ad3d1cb74c34b9effa46c5596,3540.0,3716.0,3539.0
4799756a8f9dda34299801a613f6175124e06094ed475bb920a77c5e1ee8ca60,2026-01-26T12:00:00+01:00,2026-01-27 07:00:00+00:00,2,20.0,357.42872319378625,357,champion,healthy,15682f6be018f30297392bda75887a3f89bd48268bc00c1bdda73340408ebba7,f3c7998026261a2e1726c7131e72a648f23038f537348645bc030b37f33009c8,29fe462d72acc526a154415b00881baaba6dd59ad3d1cb74c34b9effa46c5596,275.0,354.0,368.5
4799756a8f9dda34299801a613f6175124e06094ed475bb920a77c5e1ee8ca60,2026-01-26T12:00:00+01:00,2026-01-27 07:00:00+00:00,3,20.0,859.2073308470613,859,champion,healthy,15682f6be018f30297392bda75887a3f89bd48268bc00c1bdda73340408ebba7,f3c7998026261a2e1726c7131e72a648f23038f537348645bc030b37f33009c8,29fe462d72acc526a154415b00881baaba6dd59ad3d1cb74c34b9effa46c5596,848.0,929.0,949.5
4799756a8f9dda34299801a613f6175124e06094ed475bb920a77c5e1ee8ca60,2026-01-26T12:00:00+01:00,2026-01-27 07:00:00+00:00,4,20.0,1615.6990711023293,1616,champion,healthy,15682f6be018f30297392bda75887a3f89bd48268bc00c1bdda73340408ebba7,f3c7998026261a2e1726c7131e72a648f23038f537348645bc030b37f33009c8,29fe462d72acc526a154415b00881baaba6dd59ad3d1cb74c34b9effa46c5596,1539.0,1611.0,1892.0
4799756a8f9dda34299801a613f6175124e06094ed475bb920a77c5e1ee8ca60,2026-01-26T12:00:00+01:00,2026-01-27 07:00:00+00:00,5,20.0,2562.638843068016,2563,champion,healthy,15682f6be018f30297392bda75887a3f89bd48268bc00c1bdda73340408ebba7,f3c7998026261a2e1726c7131e72a648f23038f537348645bc030b37f33009c8,29fe462d72acc526a154415b00881baaba6dd59ad3d1cb74c34b9effa46c5596,2663.0,2606.0,2683.0
4799756a8f9dda34299801a613f6175124e06094ed475bb920a77c5e1ee8ca60,2026-01-26T12:00:00+01:00,2026-01-27 07:00:00+00:00,6,20.0,4621.735879265649,4622,champion,healthy,15682f6be018f30297392bda75887a3f89bd48268bc00c1bdda73340408ebba7,f3c7998026261a2e1726c7131e72a648f23038f537348645bc030b37f33009c8,29fe462d72acc526a154415b00881baaba6dd59ad3d1cb74c34b9effa46c5596,4267.0,4556.0,4281.0
4799756a8f9dda34299801a613f6175124e06094ed475bb920a77c5e1ee8ca60,2026-01-26T12:00:00+01:00,2026-01-27 07:00:00+00:00,7,20.0,246.75348752270247,247,champion,healthy,15682f6be018f30297392bda75887a3f89bd48268bc00c1bdda73340408ebba7,f3c7998026261a2e1726c7131e72a648f23038f537348645bc030b37f33009c8,29fe462d72acc526a154415b00881baaba6dd59ad3d1cb74c34b9effa46c5596,254.0,237.0,250.0
4799756a8f9dda34299801a613f6175124e06094ed475bb920a77c5e1ee8ca60,2026-01-26T12:00:00+01:00,2026-01-27 07:00:00+00:00,8,20.0,570.8912849249793,571,champion,healthy,15682f6be018f30297392bda75887a3f89bd48268bc00c1bdda73340408ebba7,f3c7998026261a2e1726c7131e72a648f23038f537348645bc030b37f33009c8,29fe462d72acc526a154415b00881baaba6dd59ad3d1cb74c34b9effa46c5596,663.0,604.0,683.0
4799756a8f9dda34299801a613f6175124e06094ed475bb920a77c5e1ee8ca60,2026-01-26T12:00:00+01:00,2026-01-27 07:00:00+00:00,9,20.0,1380.8497390559485,1381,champion,healthy,15682f6be018f30297392bda75887a3f89bd48268bc00c1bdda73340408ebba7,f3c7998026261a2e1726c7131e72a648f23038f537348645bc030b37f33009c8,29fe462d72acc526a154415b00881baaba6dd59ad3d1cb74c34b9effa46c5596,1331.0,1200.0,1315.0
4799756a8f9dda34299801a613f6175124e06094ed475bb920a77c5e1ee8ca60,2026-01-26T12:00:00+01:00,2026-01-27 08:00:00+00:00,1,21.0,1451.3537691998129,1451,champion,healthy,15682f6be018f30297392bda75887a3f89bd48268bc00c1bdda73340408ebba7,f3c7998026261a2e1726c7131e72a648f23038f537348645bc030b37f33009c8,29fe462d72acc526a154415b00881baaba6dd59ad3d1cb74c34b9effa46c5596,1385.0,1311.0,1548.0
4799756a8f9dda34299801a613f6175124e06094ed475bb920a77c5e1ee8ca60,2026-01-26T12:00:00+01:00,2026-01-27 08:00:00+00:00,10,21.0,4482.829995863511,4483,champion,healthy,15682f6be018f30297392bda75887a3f89bd48268bc00c1bdda73340408ebba7,f3c7998026261a2e1726c7131e72a648f23038f537348645bc030b37f33009c8,29fe462d72acc526a154415b00881baaba6dd59ad3d1cb74c34b9effa46c5596,4055.0,4396.0,4185.0
4799756a8f9dda34299801a613f6175124e06094ed475bb920a77c5e1ee8ca60,2026-01-26T12:00:00+01:00,2026-01-27 08:00:00+00:00,2,21.0,226.2894705244987,226,champion,healthy,15682f6be018f30297392bda75887a3f89bd48268bc00c1bdda73340408ebba7,f3c7998026261a2e1726c7131e72a648f23038f537348645bc030b37f33009c8,29fe462d72acc526a154415b00881baaba6dd59ad3d1cb74c34b9effa46c5596,223.0,292.0,262.5
4799756a8f9dda34299801a613f6175124e06094ed475bb920a77c5e1ee8ca60,2026-01-26T12:00:00+01:00,2026-01-27 08:00:00+00:00,3,21.0,735.6984114662635,736,champion,healthy,15682f6be018f30297392bda75887a3f89bd48268bc00c1bdda73340408ebba7,f3c7998026261a2e1726c7131e72a648f23038f537348645bc030b37f33009c8,29fe462d72acc526a154415b00881baaba6dd59ad3d1cb74c34b9effa46c5596,712.0,703.0,853.0
4799756a8f9dda34299801a613f6175124e06094ed475bb920a77c5e1ee8ca60,2026-01-26T12:00:00+01:00,2026-01-27 08:00:00+00:00,4,21.0,1373.2080266801086,1373,champion,healthy,15682f6be018f30297392bda75887a3f89bd48268bc00c1bdda73340408ebba7,f3c7998026261a2e1726c7131e72a648f23038f537348645bc030b37f33009c8,29fe462d72acc526a154415b00881baaba6dd59ad3d1cb74c34b9effa46c5596,1484.0,1436.0,1495.5
4799756a8f9dda34299801a613f6175124e06094ed475bb920a77c5e1ee8ca60,2026-01-26T12:00:00+01:00,2026-01-27 08:00:00+00:00,5,21.0,2150.7631689162467,2151,champion,healthy,15682f6be018f30297392bda75887a3f89bd48268bc00c1bdda73340408ebba7,f3c7998026261a2e1726c7131e72a648f23038f537348645bc030b37f33009c8,29fe462d72acc526a154415b00881baaba6dd59ad3d1cb74c34b9effa46c5596,2090.0,1755.0,2126.5
4799756a8f9dda34299801a613f6175124e06094ed475bb920a77c5e1ee8ca60,2026-01-26T12:00:00+01:00,2026-01-27 08:00:00+00:00,6,21.0,5387.4468578488,5387,champion,healthy,15682f6be018f30297392bda75887a3f89bd48268bc00c1bdda73340408ebba7,f3c7998026261a2e1726c7131e72a648f23038f537348645bc030b37f33009c8,29fe462d72acc526a154415b00881baaba6dd59ad3d1cb74c34b9effa46c5596,8698.0,5162.0,5134.0
4799756a8f9dda34299801a613f6175124e06094ed475bb920a77c5e1ee8ca60,2026-01-26T12:00:00+01:00,2026-01-27 08:00:00+00:00,7,21.0,203.3867366886161,203,champion,healthy,15682f6be018f30297392bda75887a3f89bd48268bc00c1bdda73340408ebba7,f3c7998026261a2e1726c7131e72a648f23038f537348645bc030b37f33009c8,29fe462d72acc526a154415b00881baaba6dd59ad3d1cb74c34b9effa46c5596,209.0,214.0,199.0
4799756a8f9dda34299801a613f6175124e06094ed475bb920a77c5e1ee8ca60,2026-01-26T12:00:00+01:00,2026-01-27 08:00:00+00:00,8,21.0,495.97731305871434,496,champion,healthy,15682f6be018f30297392bda75887a3f89bd48268bc00c1bdda73340408ebba7,f3c7998026261a2e1726c7131e72a648f23038f537348645bc030b37f33009c8,29fe462d72acc526a154415b00881baaba6dd59ad3d1cb74c34b9effa46c5596,561.0,504.0,589.0
4799756a8f9dda34299801a613f6175124e06094ed475bb920a77c5e1ee8ca60,2026-01-26T12:00:00+01:00,2026-01-27 08:00:00+00:00,9,21.0,1496.522916225267,1497,champion,healthy,15682f6be018f30297392bda75887a3f89bd48268bc00c1bdda73340408ebba7,f3c7998026261a2e1726c7131e72a648f23038f537348645bc030b37f33009c8,29fe462d72acc526a154415b00881baaba6dd59ad3d1cb74c34b9effa46c5596,1600.0,1451.0,1594.0
4799756a8f9dda34299801a613f6175124e06094ed475bb920a77c5e1ee8ca60,2026-01-26T12:00:00+01:00,2026-01-27 09:00:00+00:00,1,22.0,1051.9853256093193,1052,champion,healthy,15682f6be018f30297392bda75887a3f89bd48268bc00c1bdda73340408ebba7,f3c7998026261a2e1726c7131e72a648f23038f537348645bc030b37f33009c8,29fe462d72acc526a154415b00881baaba6dd59ad3d1cb74c34b9effa46c5596,836.0,1077.0,1087.0
4799756a8f9dda34299801a613f6175124e06094ed475bb920a77c5e1ee8ca60,2026-01-26T12:00:00+01:00,2026-01-27 09:00:00+00:00,10,22.0,3830.705799615129,3831,champion,healthy,15682f6be018f30297392bda75887a3f89bd48268bc00c1bdda73340408ebba7,f3c7998026261a2e1726c7131e72a648f23038f537348645bc030b37f33009c8,29fe462d72acc526a154415b00881baaba6dd59ad3d1cb74c34b9effa46c5596,3330.0,3714.0,3878.5
4799756a8f9dda34299801a613f6175124e06094ed475bb920a77c5e1ee8ca60,2026-01-26T12:00:00+01:00,2026-01-27 09:00:00+00:00,2,22.0,239.9646100858372,240,champion,healthy,15682f6be018f30297392bda75887a3f89bd48268bc00c1bdda73340408ebba7,f3c7998026261a2e1726c7131e72a648f23038f537348645bc030b37f33009c8,29fe462d72acc526a154415b00881baaba6dd59ad3d1cb74c34b9effa46c5596,195.0,171.0,216.0
4799756a8f9dda34299801a613f6175124e06094ed475bb920a77c5e1ee8ca60,2026-01-26T12:00:00+01:00,2026-01-27 09:00:00+00:00,3,22.0,608.3797676016032,608,champion,healthy,15682f6be018f30297392bda75887a3f89bd48268bc00c1bdda73340408ebba7,f3c7998026261a2e1726c7131e72a648f23038f537348645bc030b37f33009c8,29fe462d72acc526a154415b00881baaba6dd59ad3d1cb74c34b9effa46c5596,585.0,656.0,624.5
4799756a8f9dda34299801a613f6175124e06094ed475bb920a77c5e1ee8ca60,2026-01-26T12:00:00+01:00,2026-01-27 09:00:00+00:00,4,22.0,987.5752133768747,988,champion,healthy,15682f6be018f30297392bda75887a3f89bd48268bc00c1bdda73340408ebba7,f3c7998026261a2e1726c7131e72a648f23038f537348645bc030b37f33009c8,29fe462d72acc526a154415b00881baaba6dd59ad3d1cb74c34b9effa46c5596,978.0,793.0,930.0
4799756a8f9dda34299801a613f6175124e06094ed475bb920a77c5e1ee8ca60,2026-01-26T12:00:00+01:00,2026-01-27 09:00:00+00:00,5,22.0,1702.582234633434,1703,champion,healthy,15682f6be018f30297392bda75887a3f89bd48268bc00c1bdda73340408ebba7,f3c7998026261a2e1726c7131e72a648f23038f537348645bc030b37f33009c8,29fe462d72acc526a154415b00881baaba6dd59ad3d1cb74c34b9effa46c5596,1862.0,1439.0,1692.0
4799756a8f9dda34299801a613f6175124e06094ed475bb920a77c5e1ee8ca60,2026-01-26T12:00:00+01:00,2026-01-27 09:00:00+00:00,6,22.0,5136.692080005432,5137,champion,healthy,15682f6be018f30297392bda75887a3f89bd48268bc00c1bdda73340408ebba7,f3c7998026261a2e1726c7131e72a648f23038f537348645bc030b37f33009c8,29fe462d72acc526a154415b00881baaba6dd59ad3d1cb74c34b9effa46c5596,4789.0,4295.0,4592.0
4799756a8f9dda34299801a613f6175124e06094ed475bb920a77c5e1ee8ca60,2026-01-26T12:00:00+01:00,2026-01-27 09:00:00+00:00,7,22.0,200.70311021116663,201,champion,healthy,15682f6be018f30297392bda75887a3f89bd48268bc00c1bdda73340408ebba7,f3c7998026261a2e1726c7131e72a648f23038f537348645bc030b37f33009c8,29fe462d72acc526a154415b00881baaba6dd59ad3d1cb74c34b9effa46c5596,149.0,146.0,125.0
4799756a8f9dda34299801a613f6175124e06094ed475bb920a77c5e1ee8ca60,2026-01-26T12:00:00+01:00,2026-01-27 09:00:00+00:00,8,22.0,396.2952695180138,396,champion,healthy,15682f6be018f30297392bda75887a3f89bd48268bc00c1bdda73340408ebba7,f3c7998026261a2e1726c7131e72a648f23038f537348645bc030b37f33009c8,29fe462d72acc526a154415b00881baaba6dd59ad3d1cb74c34b9effa46c5596,344.0,489.0,421.0
4799756a8f9dda34299801a613f6175124e06094ed475bb920a77c5e1ee8ca60,2026-01-26T12:00:00+01:00,2026-01-27 09:00:00+00:00,9,22.0,1471.5871791319378,1472,champion,healthy,15682f6be018f30297392bda75887a3f89bd48268bc00c1bdda73340408ebba7,f3c7998026261a2e1726c7131e72a648f23038f537348645bc030b37f33009c8,29fe462d72acc526a154415b00881baaba6dd59ad3d1cb74c34b9effa46c5596,1432.0,1577.0,1456.0
4799756a8f9dda34299801a613f6175124e06094ed475bb920a77c5e1ee8ca60,2026-01-26T12:00:00+01:00,2026-01-27 10:00:00+00:00,1,23.0,952.6443015882489,953,champion,healthy,15682f6be018f30297392bda75887a3f89bd48268bc00c1bdda73340408ebba7,f3c7998026261a2e1726c7131e72a648f23038f537348645bc030b37f33009c8,29fe462d72acc526a154415b00881baaba6dd59ad3d1cb74c34b9effa46c5596,1047.0,1086.0,976.0
4799756a8f9dda34299801a613f6175124e06094ed475bb920a77c5e1ee8ca60,2026-01-26T12:00:00+01:00,2026-01-27 10:00:00+00:00,10,23.0,2748.9113453889595,2749,champion,healthy,15682f6be018f30297392bda75887a3f89bd48268bc00c1bdda73340408ebba7,f3c7998026261a2e1726c7131e72a648f23038f537348645bc030b37f33009c8,29fe462d72acc526a154415b00881baaba6dd59ad3d1cb74c34b9effa46c5596,3615.0,2906.0,3017.5
4799756a8f9dda34299801a613f6175124e06094ed475bb920a77c5e1ee8ca60,2026-01-26T12:00:00+01:00,2026-01-27 10:00:00+00:00,2,23.0,150.03635448157456,150,champion,healthy,15682f6be018f30297392bda75887a3f89bd48268bc00c1bdda73340408ebba7,f3c7998026261a2e1726c7131e72a648f23038f537348645bc030b37f33009c8,29fe462d72acc526a154415b00881baaba6dd59ad3d1cb74c34b9effa46c5596,208.0,150.0,205.0
4799756a8f9dda34299801a613f6175124e06094ed475bb920a77c5e1ee8ca60,2026-01-26T12:00:00+01:00,2026-01-27 10:00:00+00:00,3,23.0,443.22286931894564,443,champion,healthy,15682f6be018f30297392bda75887a3f89bd48268bc00c1bdda73340408ebba7,f3c7998026261a2e1726c7131e72a648f23038f537348645bc030b37f33009c8,29fe462d72acc526a154415b00881baaba6dd59ad3d1cb74c34b9effa46c5596,407.0,397.0,496.0
4799756a8f9dda34299801a613f6175124e06094ed475bb920a77c5e1ee8ca60,2026-01-26T12:00:00+01:00,2026-01-27 10:00:00+00:00,4,23.0,670.0855455834212,670,champion,healthy,15682f6be018f30297392bda75887a3f89bd48268bc00c1bdda73340408ebba7,f3c7998026261a2e1726c7131e72a648f23038f537348645bc030b37f33009c8,29fe462d72acc526a154415b00881baaba6dd59ad3d1cb74c34b9effa46c5596,535.0,934.0,771.0
4799756a8f9dda34299801a613f6175124e06094ed475bb920a77c5e1ee8ca60,2026-01-26T12:00:00+01:00,2026-01-27 10:00:00+00:00,5,23.0,1430.8409086450024,1431,champion,healthy,15682f6be018f30297392bda75887a3f89bd48268bc00c1bdda73340408ebba7,f3c7998026261a2e1726c7131e72a648f23038f537348645bc030b37f33009c8,29fe462d72acc526a154415b00881baaba6dd59ad3d1cb74c34b9effa46c5596,1529.0,1269.0,1489.5
4799756a8f9dda34299801a613f6175124e06094ed475bb920a77c5e1ee8ca60,2026-01-26T12:00:00+01:00,2026-01-27 10:00:00+00:00,6,23.0,3257.6889232901203,3258,champion,healthy,15682f6be018f30297392bda75887a3f89bd48268bc00c1bdda73340408ebba7,f3c7998026261a2e1726c7131e72a648f23038f537348645bc030b37f33009c8,29fe462d72acc526a154415b00881baaba6dd59ad3d1cb74c34b9effa46c5596,3217.0,2889.0,3440.0
4799756a8f9dda34299801a613f6175124e06094ed475bb920a77c5e1ee8ca60,2026-01-26T12:00:00+01:00,2026-01-27 10:00:00+00:00,7,23.0,111.71733112611673,112,champion,healthy,15682f6be018f30297392bda75887a3f89bd48268bc00c1bdda73340408ebba7,f3c7998026261a2e1726c7131e72a648f23038f537348645bc030b37f33009c8,29fe462d72acc526a154415b00881baaba6dd59ad3d1cb74c34b9effa46c5596,88.0,98.0,109.0
4799756a8f9dda34299801a613f6175124e06094ed475bb920a77c5e1ee8ca60,2026-01-26T12:00:00+01:00,2026-01-27 10:00:00+00:00,8,23.0,238.85147429068752,239,champion,healthy,15682f6be018f30297392bda75887a3f89bd48268bc00c1bdda73340408ebba7,f3c7998026261a2e1726c7131e72a648f23038f537348645bc030b37f33009c8,29fe462d72acc526a154415b00881baaba6dd59ad3d1cb74c34b9effa46c5596,300.0,340.0,311.0
4799756a8f9dda34299801a613f6175124e06094ed475bb920a77c5e1ee8ca60,2026-01-26T12:00:00+01:00,2026-01-27 10:00:00+00:00,9,23.0,1036.5756001224497,1037,champion,healthy,15682f6be018f30297392bda75887a3f89bd48268bc00c1bdda73340408ebba7,f3c7998026261a2e1726c7131e72a648f23038f537348645bc030b37f33009c8,29fe462d72acc526a154415b00881baaba6dd59ad3d1cb74c34b9effa46c5596,1129.0,906.0,1060.5
4799756a8f9dda34299801a613f6175124e06094ed475bb920a77c5e1ee8ca60,2026-01-26T12:00:00+01:00,2026-01-27 11:00:00+00:00,1,24.0,892.9220095141825,893,champion,healthy,15682f6be018f30297392bda75887a3f89bd48268bc00c1bdda73340408ebba7,f3c7998026261a2e1726c7131e72a648f23038f537348645bc030b37f33009c8,29fe462d72acc526a154415b00881baaba6dd59ad3d1cb74c34b9effa46c5596,694.0,604.0,945.5
4799756a8f9dda34299801a613f6175124e06094ed475bb920a77c5e1ee8ca60,2026-01-26T12:00:00+01:00,2026-01-27 11:00:00+00:00,10,24.0,2472.1703234887755,2472,champion,healthy,15682f6be018f30297392bda75887a3f89bd48268bc00c1bdda73340408ebba7,f3c7998026261a2e1726c7131e72a648f23038f537348645bc030b37f33009c8,29fe462d72acc526a154415b00881baaba6dd59ad3d1cb74c34b9effa46c5596,2138.0,2339.0,2386.0
4799756a8f9dda34299801a613f6175124e06094ed475bb920a77c5e1ee8ca60,2026-01-26T12:00:00+01:00,2026-01-27 11:00:00+00:00,2,24.0,172.92472833751276,173,champion,healthy,15682f6be018f30297392bda75887a3f89bd48268bc00c1bdda73340408ebba7,f3c7998026261a2e1726c7131e72a648f23038f537348645bc030b37f33009c8,29fe462d72acc526a154415b00881baaba6dd59ad3d1cb74c34b9effa46c5596,189.0,253.0,189.0
4799756a8f9dda34299801a613f6175124e06094ed475bb920a77c5e1ee8ca60,2026-01-26T12:00:00+01:00,2026-01-27 11:00:00+00:00,3,24.0,432.98979582621314,433,champion,healthy,15682f6be018f30297392bda75887a3f89bd48268bc00c1bdda73340408ebba7,f3c7998026261a2e1726c7131e72a648f23038f537348645bc030b37f33009c8,29fe462d72acc526a154415b00881baaba6dd59ad3d1cb74c34b9effa46c5596,342.0,356.0,460.0
4799756a8f9dda34299801a613f6175124e06094ed475bb920a77c5e1ee8ca60,2026-01-26T12:00:00+01:00,2026-01-27 11:00:00+00:00,4,24.0,689.2350959827597,689,champion,healthy,15682f6be018f30297392bda75887a3f89bd48268bc00c1bdda73340408ebba7,f3c7998026261a2e1726c7131e72a648f23038f537348645bc030b37f33009c8,29fe462d72acc526a154415b00881baaba6dd59ad3d1cb74c34b9effa46c5596,770.0,732.0,733.0
4799756a8f9dda34299801a613f6175124e06094ed475bb920a77c5e1ee8ca60,2026-01-26T12:00:00+01:00,2026-01-27 11:00:00+00:00,5,24.0,1322.5008947966699,1323,champion,healthy,15682f6be018f30297392bda75887a3f89bd48268bc00c1bdda73340408ebba7,f3c7998026261a2e1726c7131e72a648f23038f537348645bc030b37f33009c8,29fe462d72acc526a154415b00881baaba6dd59ad3d1cb74c34b9effa46c5596,1211.0,1374.0,1364.0
4799756a8f9dda34299801a613f6175124e06094ed475bb920a77c5e1ee8ca60,2026-01-26T12:00:00+01:00,2026-01-27 11:00:00+00:00,6,24.0,2746.1051246578836,2746,champion,healthy,15682f6be018f30297392bda75887a3f89bd48268bc00c1bdda73340408ebba7,f3c7998026261a2e1726c7131e72a648f23038f537348645bc030b37f33009c8,29fe462d72acc526a154415b00881baaba6dd59ad3d1cb74c34b9effa46c5596,2809.0,2482.0,2613.5
4799756a8f9dda34299801a613f6175124e06094ed475bb920a77c5e1ee8ca60,2026-01-26T12:00:00+01:00,2026-01-27 11:00:00+00:00,7,24.0,124.1059321274331,124,champion,healthy,15682f6be018f30297392bda75887a3f89bd48268bc00c1bdda73340408ebba7,f3c7998026261a2e1726c7131e72a648f23038f537348645bc030b37f33009c8,29fe462d72acc526a154415b00881baaba6dd59ad3d1cb74c34b9effa46c5596,132.0,86.0,102.0
4799756a8f9dda34299801a613f6175124e06094ed475bb920a77c5e1ee8ca60,2026-01-26T12:00:00+01:00,2026-01-27 11:00:00+00:00,8,24.0,226.49908646106473,226,champion,healthy,15682f6be018f30297392bda75887a3f89bd48268bc00c1bdda73340408ebba7,f3c7998026261a2e1726c7131e72a648f23038f537348645bc030b37f33009c8,29fe462d72acc526a154415b00881baaba6dd59ad3d1cb74c34b9effa46c5596,248.0,206.0,278.5
4799756a8f9dda34299801a613f6175124e06094ed475bb920a77c5e1ee8ca60,2026-01-26T12:00:00+01:00,2026-01-27 11:00:00+00:00,9,24.0,834.3654250167076,834,champion,healthy,15682f6be018f30297392bda75887a3f89bd48268bc00c1bdda73340408ebba7,f3c7998026261a2e1726c7131e72a648f23038f537348645bc030b37f33009c8,29fe462d72acc526a154415b00881baaba6dd59ad3d1cb74c34b9effa46c5596,825.0,995.0,748.0
4799756a8f9dda34299801a613f6175124e06094ed475bb920a77c5e1ee8ca60,2026-01-26T12:00:00+01:00,2026-01-28 06:00:00+00:00,1,43.0,3285.3622716779782,3285,champion,healthy,15682f6be018f30297392bda75887a3f89bd48268bc00c1bdda73340408ebba7,f3c7998026261a2e1726c7131e72a648f23038f537348645bc030b37f33009c8,29fe462d72acc526a154415b00881baaba6dd59ad3d1cb74c34b9effa46c5596,3502.0,3199.0,3845.5
4799756a8f9dda34299801a613f6175124e06094ed475bb920a77c5e1ee8ca60,2026-01-26T12:00:00+01:00,2026-01-28 06:00:00+00:00,10,43.0,2652.335717921618,2652,champion,healthy,15682f6be018f30297392bda75887a3f89bd48268bc00c1bdda73340408ebba7,f3c7998026261a2e1726c7131e72a648f23038f537348645bc030b37f33009c8,29fe462d72acc526a154415b00881baaba6dd59ad3d1cb74c34b9effa46c5596,2075.0,3310.0,2632.0
4799756a8f9dda34299801a613f6175124e06094ed475bb920a77c5e1ee8ca60,2026-01-26T12:00:00+01:00,2026-01-28 06:00:00+00:00,2,43.0,397.3624794367363,397,champion,healthy,15682f6be018f30297392bda75887a3f89bd48268bc00c1bdda73340408ebba7,f3c7998026261a2e1726c7131e72a648f23038f537348645bc030b37f33009c8,29fe462d72acc526a154415b00881baaba6dd59ad3d1cb74c34b9effa46c5596,433.0,443.0,449.0
4799756a8f9dda34299801a613f6175124e06094ed475bb920a77c5e1ee8ca60,2026-01-26T12:00:00+01:00,2026-01-28 06:00:00+00:00,3,43.0,784.2923252956375,784,champion,healthy,15682f6be018f30297392bda75887a3f89bd48268bc00c1bdda73340408ebba7,f3c7998026261a2e1726c7131e72a648f23038f537348645bc030b37f33009c8,29fe462d72acc526a154415b00881baaba6dd59ad3d1cb74c34b9effa46c5596,664.0,729.0,835.0
4799756a8f9dda34299801a613f6175124e06094ed475bb920a77c5e1ee8ca60,2026-01-26T12:00:00+01:00,2026-01-28 06:00:00+00:00,4,43.0,1318.9434136980824,1319,champion,healthy,15682f6be018f30297392bda75887a3f89bd48268bc00c1bdda73340408ebba7,f3c7998026261a2e1726c7131e72a648f23038f537348645bc030b37f33009c8,29fe462d72acc526a154415b00881baaba6dd59ad3d1cb74c34b9effa46c5596,1085.0,1297.0,1497.5
4799756a8f9dda34299801a613f6175124e06094ed475bb920a77c5e1ee8ca60,2026-01-26T12:00:00+01:00,2026-01-28 06:00:00+00:00,5,43.0,2027.8345547733343,2028,champion,healthy,15682f6be018f30297392bda75887a3f89bd48268bc00c1bdda73340408ebba7,f3c7998026261a2e1726c7131e72a648f23038f537348645bc030b37f33009c8,29fe462d72acc526a154415b00881baaba6dd59ad3d1cb74c34b9effa46c5596,2004.0,1901.0,2090.0
4799756a8f9dda34299801a613f6175124e06094ed475bb920a77c5e1ee8ca60,2026-01-26T12:00:00+01:00,2026-01-28 06:00:00+00:00,6,43.0,1805.0184254350602,1805,champion,healthy,15682f6be018f30297392bda75887a3f89bd48268bc00c1bdda73340408ebba7,f3c7998026261a2e1726c7131e72a648f23038f537348645bc030b37f33009c8,29fe462d72acc526a154415b00881baaba6dd59ad3d1cb74c34b9effa46c5596,1572.0,1776.0,1741.5
4799756a8f9dda34299801a613f6175124e06094ed475bb920a77c5e1ee8ca60,2026-01-26T12:00:00+01:00,2026-01-28 06:00:00+00:00,7,43.0,213.74676060776846,214,champion,healthy,15682f6be018f30297392bda75887a3f89bd48268bc00c1bdda73340408ebba7,f3c7998026261a2e1726c7131e72a648f23038f537348645bc030b37f33009c8,29fe462d72acc526a154415b00881baaba6dd59ad3d1cb74c34b9effa46c5596,197.0,227.0,211.5
4799756a8f9dda34299801a613f6175124e06094ed475bb920a77c5e1ee8ca60,2026-01-26T12:00:00+01:00,2026-01-28 06:00:00+00:00,8,43.0,452.7768442279496,453,champion,healthy,15682f6be018f30297392bda75887a3f89bd48268bc00c1bdda73340408ebba7,f3c7998026261a2e1726c7131e72a648f23038f537348645bc030b37f33009c8,29fe462d72acc526a154415b00881baaba6dd59ad3d1cb74c34b9effa46c5596,500.0,493.0,520.5
4799756a8f9dda34299801a613f6175124e06094ed475bb920a77c5e1ee8ca60,2026-01-26T12:00:00+01:00,2026-01-28 06:00:00+00:00,9,43.0,984.5993570456719,985,champion,healthy,15682f6be018f30297392bda75887a3f89bd48268bc00c1bdda73340408ebba7,f3c7998026261a2e1726c7131e72a648f23038f537348645bc030b37f33009c8,29fe462d72acc526a154415b00881baaba6dd59ad3d1cb74c34b9effa46c5596,860.0,691.0,923.0
4799756a8f9dda34299801a613f6175124e06094ed475bb920a77c5e1ee8ca60,2026-01-26T12:00:00+01:00,2026-01-28 07:00:00+00:00,1,44.0,3007.503392461143,3008,champion,healthy,15682f6be018f30297392bda75887a3f89bd48268bc00c1bdda73340408ebba7,f3c7998026261a2e1726c7131e72a648f23038f537348645bc030b37f33009c8,29fe462d72acc526a154415b00881baaba6dd59ad3d1cb74c34b9effa46c5596,2923.0,3193.0,3504.5
4799756a8f9dda34299801a613f6175124e06094ed475bb920a77c5e1ee8ca60,2026-01-26T12:00:00+01:00,2026-01-28 07:00:00+00:00,10,44.0,3849.3767235847868,3849,champion,healthy,15682f6be018f30297392bda75887a3f89bd48268bc00c1bdda73340408ebba7,f3c7998026261a2e1726c7131e72a648f23038f537348645bc030b37f33009c8,29fe462d72acc526a154415b00881baaba6dd59ad3d1cb74c34b9effa46c5596,3870.0,3720.0,3927.0
4799756a8f9dda34299801a613f6175124e06094ed475bb920a77c5e1ee8ca60,2026-01-26T12:00:00+01:00,2026-01-28 07:00:00+00:00,2,44.0,384.0832279295398,384,champion,healthy,15682f6be018f30297392bda75887a3f89bd48268bc00c1bdda73340408ebba7,f3c7998026261a2e1726c7131e72a648f23038f537348645bc030b37f33009c8,29fe462d72acc526a154415b00881baaba6dd59ad3d1cb74c34b9effa46c5596,324.0,366.0,389.0
4799756a8f9dda34299801a613f6175124e06094ed475bb920a77c5e1ee8ca60,2026-01-26T12:00:00+01:00,2026-01-28 07:00:00+00:00,3,44.0,888.8109507877195,889,champion,healthy,15682f6be018f30297392bda75887a3f89bd48268bc00c1bdda73340408ebba7,f3c7998026261a2e1726c7131e72a648f23038f537348645bc030b37f33009c8,29fe462d72acc526a154415b00881baaba6dd59ad3d1cb74c34b9effa46c5596,962.0,884.0,1038.5
4799756a8f9dda34299801a613f6175124e06094ed475bb920a77c5e1ee8ca60,2026-01-26T12:00:00+01:00,2026-01-28 07:00:00+00:00,4,44.0,1914.9720632239032,1915,champion,healthy,15682f6be018f30297392bda75887a3f89bd48268bc00c1bdda73340408ebba7,f3c7998026261a2e1726c7131e72a648f23038f537348645bc030b37f33009c8,29fe462d72acc526a154415b00881baaba6dd59ad3d1cb74c34b9effa46c5596,2112.0,2151.0,2120.0
4799756a8f9dda34299801a613f6175124e06094ed475bb920a77c5e1ee8ca60,2026-01-26T12:00:00+01:00,2026-01-28 07:00:00+00:00,5,44.0,2171.687628902391,2172,champion,healthy,15682f6be018f30297392bda75887a3f89bd48268bc00c1bdda73340408ebba7,f3c7998026261a2e1726c7131e72a648f23038f537348645bc030b37f33009c8,29fe462d72acc526a154415b00881baaba6dd59ad3d1cb74c34b9effa46c5596,2070.0,2391.0,2013.0
4799756a8f9dda34299801a613f6175124e06094ed475bb920a77c5e1ee8ca60,2026-01-26T12:00:00+01:00,2026-01-28 07:00:00+00:00,6,44.0,2676.3457077034327,2676,champion,healthy,15682f6be018f30297392bda75887a3f89bd48268bc00c1bdda73340408ebba7,f3c7998026261a2e1726c7131e72a648f23038f537348645bc030b37f33009c8,29fe462d72acc526a154415b00881baaba6dd59ad3d1cb74c34b9effa46c5596,3202.0,2844.0,2725.0
4799756a8f9dda34299801a613f6175124e06094ed475bb920a77c5e1ee8ca60,2026-01-26T12:00:00+01:00,2026-01-28 07:00:00+00:00,7,44.0,275.17185427586355,275,champion,healthy,15682f6be018f30297392bda75887a3f89bd48268bc00c1bdda73340408ebba7,f3c7998026261a2e1726c7131e72a648f23038f537348645bc030b37f33009c8,29fe462d72acc526a154415b00881baaba6dd59ad3d1cb74c34b9effa46c5596,310.0,292.0,293.5
4799756a8f9dda34299801a613f6175124e06094ed475bb920a77c5e1ee8ca60,2026-01-26T12:00:00+01:00,2026-01-28 07:00:00+00:00,8,44.0,547.1686169115447,547,champion,healthy,15682f6be018f30297392bda75887a3f89bd48268bc00c1bdda73340408ebba7,f3c7998026261a2e1726c7131e72a648f23038f537348645bc030b37f33009c8,29fe462d72acc526a154415b00881baaba6dd59ad3d1cb74c34b9effa46c5596,551.0,570.0,605.0
4799756a8f9dda34299801a613f6175124e06094ed475bb920a77c5e1ee8ca60,2026-01-26T12:00:00+01:00,2026-01-28 07:00:00+00:00,9,44.0,1492.913336171467,1493,champion,healthy,15682f6be018f30297392bda75887a3f89bd48268bc00c1bdda73340408ebba7,f3c7998026261a2e1726c7131e72a648f23038f537348645bc030b37f33009c8,29fe462d72acc526a154415b00881baaba6dd59ad3d1cb74c34b9effa46c5596,1265.0,1598.0,1404.0
4799756a8f9dda34299801a613f6175124e06094ed475bb920a77c5e1ee8ca60,2026-01-26T12:00:00+01:00,2026-01-28 08:00:00+00:00,1,45.0,2041.409553860298,2041,champion,healthy,15682f6be018f30297392bda75887a3f89bd48268bc00c1bdda73340408ebba7,f3c7998026261a2e1726c7131e72a648f23038f537348645bc030b37f33009c8,29fe462d72acc526a154415b00881baaba6dd59ad3d1cb74c34b9effa46c5596,2166.0,1962.0,2506.5
4799756a8f9dda34299801a613f6175124e06094ed475bb920a77c5e1ee8ca60,2026-01-26T12:00:00+01:00,2026-01-28 08:00:00+00:00,10,45.0,4642.640636744849,4643,champion,healthy,15682f6be018f30297392bda75887a3f89bd48268bc00c1bdda73340408ebba7,f3c7998026261a2e1726c7131e72a648f23038f537348645bc030b37f33009c8,29fe462d72acc526a154415b00881baaba6dd59ad3d1cb74c34b9effa46c5596,5309.0,5644.0,4725.5
4799756a8f9dda34299801a613f6175124e06094ed475bb920a77c5e1ee8ca60,2026-01-26T12:00:00+01:00,2026-01-28 08:00:00+00:00,2,45.0,233.55949599585256,234,champion,healthy,15682f6be018f30297392bda75887a3f89bd48268bc00c1bdda73340408ebba7,f3c7998026261a2e1726c7131e72a648f23038f537348645bc030b37f33009c8,29fe462d72acc526a154415b00881baaba6dd59ad3d1cb74c34b9effa46c5596,235.0,284.0,290.5
4799756a8f9dda34299801a613f6175124e06094ed475bb920a77c5e1ee8ca60,2026-01-26T12:00:00+01:00,2026-01-28 08:00:00+00:00,3,45.0,818.2228811649387,818,champion,healthy,15682f6be018f30297392bda75887a3f89bd48268bc00c1bdda73340408ebba7,f3c7998026261a2e1726c7131e72a648f23038f537348645bc030b37f33009c8,29fe462d72acc526a154415b00881baaba6dd59ad3d1cb74c34b9effa46c5596,786.0,882.0,926.5
4799756a8f9dda34299801a613f6175124e06094ed475bb920a77c5e1ee8ca60,2026-01-26T12:00:00+01:00,2026-01-28 08:00:00+00:00,4,45.0,1540.1478863644888,1540,champion,healthy,15682f6be018f30297392bda75887a3f89bd48268bc00c1bdda73340408ebba7,f3c7998026261a2e1726c7131e72a648f23038f537348645bc030b37f33009c8,29fe462d72acc526a154415b00881baaba6dd59ad3d1cb74c34b9effa46c5596,1561.0,1584.0,1701.0
4799756a8f9dda34299801a613f6175124e06094ed475bb920a77c5e1ee8ca60,2026-01-26T12:00:00+01:00,2026-01-28 08:00:00+00:00,5,45.0,1676.2366486536712,1676,champion,healthy,15682f6be018f30297392bda75887a3f89bd48268bc00c1bdda73340408ebba7,f3c7998026261a2e1726c7131e72a648f23038f537348645bc030b37f33009c8,29fe462d72acc526a154415b00881baaba6dd59ad3d1cb74c34b9effa46c5596,1307.0,1346.0,1618.0
4799756a8f9dda34299801a613f6175124e06094ed475bb920a77c5e1ee8ca60,2026-01-26T12:00:00+01:00,2026-01-28 08:00:00+00:00,6,45.0,3154.3384145800346,3154,champion,healthy,15682f6be018f30297392bda75887a3f89bd48268bc00c1bdda73340408ebba7,f3c7998026261a2e1726c7131e72a648f23038f537348645bc030b37f33009c8,29fe462d72acc526a154415b00881baaba6dd59ad3d1cb74c34b9effa46c5596,2733.0,3184.0,3184.0
4799756a8f9dda34299801a613f6175124e06094ed475bb920a77c5e1ee8ca60,2026-01-26T12:00:00+01:00,2026-01-28 08:00:00+00:00,7,45.0,216.68449150786842,217,champion,healthy,15682f6be018f30297392bda75887a3f89bd48268bc00c1bdda73340408ebba7,f3c7998026261a2e1726c7131e72a648f23038f537348645bc030b37f33009c8,29fe462d72acc526a154415b00881baaba6dd59ad3d1cb74c34b9effa46c5596,236.0,234.0,238.0
4799756a8f9dda34299801a613f6175124e06094ed475bb920a77c5e1ee8ca60,2026-01-26T12:00:00+01:00,2026-01-28 08:00:00+00:00,8,45.0,490.82269760731083,491,champion,healthy,15682f6be018f30297392bda75887a3f89bd48268bc00c1bdda73340408ebba7,f3c7998026261a2e1726c7131e72a648f23038f537348645bc030b37f33009c8,29fe462d72acc526a154415b00881baaba6dd59ad3d1cb74c34b9effa46c5596,564.0,463.0,554.0
4799756a8f9dda34299801a613f6175124e06094ed475bb920a77c5e1ee8ca60,2026-01-26T12:00:00+01:00,2026-01-28 08:00:00+00:00,9,45.0,1708.60048731996,1709,champion,healthy,15682f6be018f30297392bda75887a3f89bd48268bc00c1bdda73340408ebba7,f3c7998026261a2e1726c7131e72a648f23038f537348645bc030b37f33009c8,29fe462d72acc526a154415b00881baaba6dd59ad3d1cb74c34b9effa46c5596,2012.0,1806.0,1682.0
4799756a8f9dda34299801a613f6175124e06094ed475bb920a77c5e1ee8ca60,2026-01-26T12:00:00+01:00,2026-01-28 09:00:00+00:00,1,46.0,1649.244960075985,1649,champion,healthy,15682f6be018f30297392bda75887a3f89bd48268bc00c1bdda73340408ebba7,f3c7998026261a2e1726c7131e72a648f23038f537348645bc030b37f33009c8,29fe462d72acc526a154415b00881baaba6dd59ad3d1cb74c34b9effa46c5596,,1714.0,1830.5
4799756a8f9dda34299801a613f6175124e06094ed475bb920a77c5e1ee8ca60,2026-01-26T12:00:00+01:00,2026-01-28 09:00:00+00:00,10,46.0,4670.875632585203,4671,champion,healthy,15682f6be018f30297392bda75887a3f89bd48268bc00c1bdda73340408ebba7,f3c7998026261a2e1726c7131e72a648f23038f537348645bc030b37f33009c8,29fe462d72acc526a154415b00881baaba6dd59ad3d1cb74c34b9effa46c5596,4096.0,4252.0,4304.0
4799756a8f9dda34299801a613f6175124e06094ed475bb920a77c5e1ee8ca60,2026-01-26T12:00:00+01:00,2026-01-28 09:00:00+00:00,2,46.0,210.04961996112456,210,champion,healthy,15682f6be018f30297392bda75887a3f89bd48268bc00c1bdda73340408ebba7,f3c7998026261a2e1726c7131e72a648f23038f537348645bc030b37f33009c8,29fe462d72acc526a154415b00881baaba6dd59ad3d1cb74c34b9effa46c5596,213.0,195.0,239.5
4799756a8f9dda34299801a613f6175124e06094ed475bb920a77c5e1ee8ca60,2026-01-26T12:00:00+01:00,2026-01-28 09:00:00+00:00,3,46.0,651.7657233409705,652,champion,healthy,15682f6be018f30297392bda75887a3f89bd48268bc00c1bdda73340408ebba7,f3c7998026261a2e1726c7131e72a648f23038f537348645bc030b37f33009c8,29fe462d72acc526a154415b00881baaba6dd59ad3d1cb74c34b9effa46c5596,636.0,685.0,706.5
4799756a8f9dda34299801a613f6175124e06094ed475bb920a77c5e1ee8ca60,2026-01-26T12:00:00+01:00,2026-01-28 09:00:00+00:00,4,46.0,910.0697610433945,910,champion,healthy,15682f6be018f30297392bda75887a3f89bd48268bc00c1bdda73340408ebba7,f3c7998026261a2e1726c7131e72a648f23038f537348645bc030b37f33009c8,29fe462d72acc526a154415b00881baaba6dd59ad3d1cb74c34b9effa46c5596,969.0,775.0,1093.5
4799756a8f9dda34299801a613f6175124e06094ed475bb920a77c5e1ee8ca60,2026-01-26T12:00:00+01:00,2026-01-28 09:00:00+00:00,5,46.0,1479.3616021967948,1479,champion,healthy,15682f6be018f30297392bda75887a3f89bd48268bc00c1bdda73340408ebba7,f3c7998026261a2e1726c7131e72a648f23038f537348645bc030b37f33009c8,29fe462d72acc526a154415b00881baaba6dd59ad3d1cb74c34b9effa46c5596,1293.0,2740.0,1264.0
4799756a8f9dda34299801a613f6175124e06094ed475bb920a77c5e1ee8ca60,2026-01-26T12:00:00+01:00,2026-01-28 09:00:00+00:00,6,46.0,2916.7069402967786,2917,champion,healthy,15682f6be018f30297392bda75887a3f89bd48268bc00c1bdda73340408ebba7,f3c7998026261a2e1726c7131e72a648f23038f537348645bc030b37f33009c8,29fe462d72acc526a154415b00881baaba6dd59ad3d1cb74c34b9effa46c5596,2553.0,2773.0,2815.5
4799756a8f9dda34299801a613f6175124e06094ed475bb920a77c5e1ee8ca60,2026-01-26T12:00:00+01:00,2026-01-28 09:00:00+00:00,7,46.0,161.0735687245117,161,champion,healthy,15682f6be018f30297392bda75887a3f89bd48268bc00c1bdda73340408ebba7,f3c7998026261a2e1726c7131e72a648f23038f537348645bc030b37f33009c8,29fe462d72acc526a154415b00881baaba6dd59ad3d1cb74c34b9effa46c5596,165.0,140.0,150.0
4799756a8f9dda34299801a613f6175124e06094ed475bb920a77c5e1ee8ca60,2026-01-26T12:00:00+01:00,2026-01-28 09:00:00+00:00,8,46.0,360.7815458214743,361,champion,healthy,15682f6be018f30297392bda75887a3f89bd48268bc00c1bdda73340408ebba7,f3c7998026261a2e1726c7131e72a648f23038f537348645bc030b37f33009c8,29fe462d72acc526a154415b00881baaba6dd59ad3d1cb74c34b9effa46c5596,397.0,350.0,384.0
4799756a8f9dda34299801a613f6175124e06094ed475bb920a77c5e1ee8ca60,2026-01-26T12:00:00+01:00,2026-01-28 09:00:00+00:00,9,46.0,1577.2549048839353,1577,champion,healthy,15682f6be018f30297392bda75887a3f89bd48268bc00c1bdda73340408ebba7,f3c7998026261a2e1726c7131e72a648f23038f537348645bc030b37f33009c8,29fe462d72acc526a154415b00881baaba6dd59ad3d1cb74c34b9effa46c5596,1244.0,1630.0,1514.0
4799756a8f9dda34299801a613f6175124e06094ed475bb920a77c5e1ee8ca60,2026-01-26T12:00:00+01:00,2026-01-28 10:00:00+00:00,1,47.0,1401.9907546994923,1402,champion,healthy,15682f6be018f30297392bda75887a3f89bd48268bc00c1bdda73340408ebba7,f3c7998026261a2e1726c7131e72a648f23038f537348645bc030b37f33009c8,29fe462d72acc526a154415b00881baaba6dd59ad3d1cb74c34b9effa46c5596,885.0,1542.0,1542.0
4799756a8f9dda34299801a613f6175124e06094ed475bb920a77c5e1ee8ca60,2026-01-26T12:00:00+01:00,2026-01-28 10:00:00+00:00,10,47.0,3195.458157594257,3195,champion,healthy,15682f6be018f30297392bda75887a3f89bd48268bc00c1bdda73340408ebba7,f3c7998026261a2e1726c7131e72a648f23038f537348645bc030b37f33009c8,29fe462d72acc526a154415b00881baaba6dd59ad3d1cb74c34b9effa46c5596,3563.0,2897.0,3251.5
4799756a8f9dda34299801a613f6175124e06094ed475bb920a77c5e1ee8ca60,2026-01-26T12:00:00+01:00,2026-01-28 10:00:00+00:00,2,47.0,217.1309855610341,217,champion,healthy,15682f6be018f30297392bda75887a3f89bd48268bc00c1bdda73340408ebba7,f3c7998026261a2e1726c7131e72a648f23038f537348645bc030b37f33009c8,29fe462d72acc526a154415b00881baaba6dd59ad3d1cb74c34b9effa46c5596,280.0,224.0,221.0
4799756a8f9dda34299801a613f6175124e06094ed475bb920a77c5e1ee8ca60,2026-01-26T12:00:00+01:00,2026-01-28 10:00:00+00:00,3,47.0,527.516334594612,528,champion,healthy,15682f6be018f30297392bda75887a3f89bd48268bc00c1bdda73340408ebba7,f3c7998026261a2e1726c7131e72a648f23038f537348645bc030b37f33009c8,29fe462d72acc526a154415b00881baaba6dd59ad3d1cb74c34b9effa46c5596,599.0,667.0,542.0
4799756a8f9dda34299801a613f6175124e06094ed475bb920a77c5e1ee8ca60,2026-01-26T12:00:00+01:00,2026-01-28 10:00:00+00:00,4,47.0,805.6030641211648,806,champion,healthy,15682f6be018f30297392bda75887a3f89bd48268bc00c1bdda73340408ebba7,f3c7998026261a2e1726c7131e72a648f23038f537348645bc030b37f33009c8,29fe462d72acc526a154415b00881baaba6dd59ad3d1cb74c34b9effa46c5596,798.0,879.0,857.0
4799756a8f9dda34299801a613f6175124e06094ed475bb920a77c5e1ee8ca60,2026-01-26T12:00:00+01:00,2026-01-28 10:00:00+00:00,5,47.0,1156.0719093306748,1156,champion,healthy,15682f6be018f30297392bda75887a3f89bd48268bc00c1bdda73340408ebba7,f3c7998026261a2e1726c7131e72a648f23038f537348645bc030b37f33009c8,29fe462d72acc526a154415b00881baaba6dd59ad3d1cb74c34b9effa46c5596,1272.0,1062.0,1102.0
4799756a8f9dda34299801a613f6175124e06094ed475bb920a77c5e1ee8ca60,2026-01-26T12:00:00+01:00,2026-01-28 10:00:00+00:00,6,47.0,2203.5593999922594,2204,champion,healthy,15682f6be018f30297392bda75887a3f89bd48268bc00c1bdda73340408ebba7,f3c7998026261a2e1726c7131e72a648f23038f537348645bc030b37f33009c8,29fe462d72acc526a154415b00881baaba6dd59ad3d1cb74c34b9effa46c5596,1824.0,1991.0,2129.0
4799756a8f9dda34299801a613f6175124e06094ed475bb920a77c5e1ee8ca60,2026-01-26T12:00:00+01:00,2026-01-28 10:00:00+00:00,7,47.0,141.7451031749713,142,champion,healthy,15682f6be018f30297392bda75887a3f89bd48268bc00c1bdda73340408ebba7,f3c7998026261a2e1726c7131e72a648f23038f537348645bc030b37f33009c8,29fe462d72acc526a154415b00881baaba6dd59ad3d1cb74c34b9effa46c5596,120.0,112.0,125.5
4799756a8f9dda34299801a613f6175124e06094ed475bb920a77c5e1ee8ca60,2026-01-26T12:00:00+01:00,2026-01-28 10:00:00+00:00,8,47.0,238.29215358583906,238,champion,healthy,15682f6be018f30297392bda75887a3f89bd48268bc00c1bdda73340408ebba7,f3c7998026261a2e1726c7131e72a648f23038f537348645bc030b37f33009c8,29fe462d72acc526a154415b00881baaba6dd59ad3d1cb74c34b9effa46c5596,257.0,253.0,275.5
4799756a8f9dda34299801a613f6175124e06094ed475bb920a77c5e1ee8ca60,2026-01-26T12:00:00+01:00,2026-01-28 10:00:00+00:00,9,47.0,1285.6848899783492,1286,champion,healthy,15682f6be018f30297392bda75887a3f89bd48268bc00c1bdda73340408ebba7,f3c7998026261a2e1726c7131e72a648f23038f537348645bc030b37f33009c8,29fe462d72acc526a154415b00881baaba6dd59ad3d1cb74c34b9effa46c5596,1214.0,1272.0,1106.0
4799756a8f9dda34299801a613f6175124e06094ed475bb920a77c5e1ee8ca60,2026-01-26T12:00:00+01:00,2026-01-28 11:00:00+00:00,1,48.0,1349.231740013963,1349,champion,healthy,15682f6be018f30297392bda75887a3f89bd48268bc00c1bdda73340408ebba7,f3c7998026261a2e1726c7131e72a648f23038f537348645bc030b37f33009c8,29fe462d72acc526a154415b00881baaba6dd59ad3d1cb74c34b9effa46c5596,1361.0,1619.0,1489.0
4799756a8f9dda34299801a613f6175124e06094ed475bb920a77c5e1ee8ca60,2026-01-26T12:00:00+01:00,2026-01-28 11:00:00+00:00,10,48.0,2907.1157428529546,2907,champion,healthy,15682f6be018f30297392bda75887a3f89bd48268bc00c1bdda73340408ebba7,f3c7998026261a2e1726c7131e72a648f23038f537348645bc030b37f33009c8,29fe462d72acc526a154415b00881baaba6dd59ad3d1cb74c34b9effa46c5596,2880.0,3100.0,2605.0
4799756a8f9dda34299801a613f6175124e06094ed475bb920a77c5e1ee8ca60,2026-01-26T12:00:00+01:00,2026-01-28 11:00:00+00:00,2,48.0,208.99678532287976,209,champion,healthy,15682f6be018f30297392bda75887a3f89bd48268bc00c1bdda73340408ebba7,f3c7998026261a2e1726c7131e72a648f23038f537348645bc030b37f33009c8,29fe462d72acc526a154415b00881baaba6dd59ad3d1cb74c34b9effa46c5596,220.0,205.0,208.0
4799756a8f9dda34299801a613f6175124e06094ed475bb920a77c5e1ee8ca60,2026-01-26T12:00:00+01:00,2026-01-28 11:00:00+00:00,3,48.0,495.5280853086226,496,champion,healthy,15682f6be018f30297392bda75887a3f89bd48268bc00c1bdda73340408ebba7,f3c7998026261a2e1726c7131e72a648f23038f537348645bc030b37f33009c8,29fe462d72acc526a154415b00881baaba6dd59ad3d1cb74c34b9effa46c5596,457.0,542.0,507.5
4799756a8f9dda34299801a613f6175124e06094ed475bb920a77c5e1ee8ca60,2026-01-26T12:00:00+01:00,2026-01-28 11:00:00+00:00,4,48.0,705.1155550909016,705,champion,healthy,15682f6be018f30297392bda75887a3f89bd48268bc00c1bdda73340408ebba7,f3c7998026261a2e1726c7131e72a648f23038f537348645bc030b37f33009c8,29fe462d72acc526a154415b00881baaba6dd59ad3d1cb74c34b9effa46c5596,581.0,464.0,830.5
4799756a8f9dda34299801a613f6175124e06094ed475bb920a77c5e1ee8ca60,2026-01-26T12:00:00+01:00,2026-01-28 11:00:00+00:00,5,48.0,1080.541060858905,1081,champion,healthy,15682f6be018f30297392bda75887a3f89bd48268bc00c1bdda73340408ebba7,f3c7998026261a2e1726c7131e72a648f23038f537348645bc030b37f33009c8,29fe462d72acc526a154415b00881baaba6dd59ad3d1cb74c34b9effa46c5596,1256.0,822.0,1006.5
4799756a8f9dda34299801a613f6175124e06094ed475bb920a77c5e1ee8ca60,2026-01-26T12:00:00+01:00,2026-01-28 11:00:00+00:00,6,48.0,1978.1972026505432,1978,champion,healthy,15682f6be018f30297392bda75887a3f89bd48268bc00c1bdda73340408ebba7,f3c7998026261a2e1726c7131e72a648f23038f537348645bc030b37f33009c8,29fe462d72acc526a154415b00881baaba6dd59ad3d1cb74c34b9effa46c5596,1256.0,2358.0,1525.0
4799756a8f9dda34299801a613f6175124e06094ed475bb920a77c5e1ee8ca60,2026-01-26T12:00:00+01:00,2026-01-28 11:00:00+00:00,7,48.0,157.39040682332165,157,champion,healthy,15682f6be018f30297392bda75887a3f89bd48268bc00c1bdda73340408ebba7,f3c7998026261a2e1726c7131e72a648f23038f537348645bc030b37f33009c8,29fe462d72acc526a154415b00881baaba6dd59ad3d1cb74c34b9effa46c5596,155.0,125.0,125.0
4799756a8f9dda34299801a613f6175124e06094ed475bb920a77c5e1ee8ca60,2026-01-26T12:00:00+01:00,2026-01-28 11:00:00+00:00,8,48.0,233.94315926800368,234,champion,healthy,15682f6be018f30297392bda75887a3f89bd48268bc00c1bdda73340408ebba7,f3c7998026261a2e1726c7131e72a648f23038f537348645bc030b37f33009c8,29fe462d72acc526a154415b00881baaba6dd59ad3d1cb74c34b9effa46c5596,149.0,209.0,255.0
4799756a8f9dda34299801a613f6175124e06094ed475bb920a77c5e1ee8ca60,2026-01-26T12:00:00+01:00,2026-01-28 11:00:00+00:00,9,48.0,867.497709328986,867,champion,healthy,15682f6be018f30297392bda75887a3f89bd48268bc00c1bdda73340408ebba7,f3c7998026261a2e1726c7131e72a648f23038f537348645bc030b37f33009c8,29fe462d72acc526a154415b00881baaba6dd59ad3d1cb74c34b9effa46c5596,789.0,2335.0,826.0
4799756a8f9dda34299801a613f6175124e06094ed475bb920a77c5e1ee8ca60,2026-01-26T12:00:00+01:00,2026-01-29 06:00:00+00:00,1,67.0,4159.093996885571,4159,champion,healthy,15682f6be018f30297392bda75887a3f89bd48268bc00c1bdda73340408ebba7,f3c7998026261a2e1726c7131e72a648f23038f537348645bc030b37f33009c8,29fe462d72acc526a154415b00881baaba6dd59ad3d1cb74c34b9effa46c5596,4213.0,4476.0,4594.0
4799756a8f9dda34299801a613f6175124e06094ed475bb920a77c5e1ee8ca60,2026-01-26T12:00:00+01:00,2026-01-29 06:00:00+00:00,10,67.0,1602.9934796139146,1603,champion,healthy,15682f6be018f30297392bda75887a3f89bd48268bc00c1bdda73340408ebba7,f3c7998026261a2e1726c7131e72a648f23038f537348645bc030b37f33009c8,29fe462d72acc526a154415b00881baaba6dd59ad3d1cb74c34b9effa46c5596,1938.0,1499.0,1471.5
4799756a8f9dda34299801a613f6175124e06094ed475bb920a77c5e1ee8ca60,2026-01-26T12:00:00+01:00,2026-01-29 06:00:00+00:00,2,67.0,380.8052155370077,381,champion,healthy,15682f6be018f30297392bda75887a3f89bd48268bc00c1bdda73340408ebba7,f3c7998026261a2e1726c7131e72a648f23038f537348645bc030b37f33009c8,29fe462d72acc526a154415b00881baaba6dd59ad3d1cb74c34b9effa46c5596,416.0,390.0,463.0
4799756a8f9dda34299801a613f6175124e06094ed475bb920a77c5e1ee8ca60,2026-01-26T12:00:00+01:00,2026-01-29 06:00:00+00:00,3,67.0,714.7987547311724,715,champion,healthy,15682f6be018f30297392bda75887a3f89bd48268bc00c1bdda73340408ebba7,f3c7998026261a2e1726c7131e72a648f23038f537348645bc030b37f33009c8,29fe462d72acc526a154415b00881baaba6dd59ad3d1cb74c34b9effa46c5596,793.0,486.0,778.5
4799756a8f9dda34299801a613f6175124e06094ed475bb920a77c5e1ee8ca60,2026-01-26T12:00:00+01:00,2026-01-29 06:00:00+00:00,4,67.0,2110.1657687219804,2110,champion,healthy,15682f6be018f30297392bda75887a3f89bd48268bc00c1bdda73340408ebba7,f3c7998026261a2e1726c7131e72a648f23038f537348645bc030b37f33009c8,29fe462d72acc526a154415b00881baaba6dd59ad3d1cb74c34b9effa46c5596,2056.0,2444.0,2479.0
4799756a8f9dda34299801a613f6175124e06094ed475bb920a77c5e1ee8ca60,2026-01-26T12:00:00+01:00,2026-01-29 06:00:00+00:00,5,67.0,1810.9891270268156,1811,champion,healthy,15682f6be018f30297392bda75887a3f89bd48268bc00c1bdda73340408ebba7,f3c7998026261a2e1726c7131e72a648f23038f537348645bc030b37f33009c8,29fe462d72acc526a154415b00881baaba6dd59ad3d1cb74c34b9effa46c5596,1577.0,1515.0,1889.0
4799756a8f9dda34299801a613f6175124e06094ed475bb920a77c5e1ee8ca60,2026-01-26T12:00:00+01:00,2026-01-29 06:00:00+00:00,6,67.0,2150.7740031383937,2151,champion,healthy,15682f6be018f30297392bda75887a3f89bd48268bc00c1bdda73340408ebba7,f3c7998026261a2e1726c7131e72a648f23038f537348645bc030b37f33009c8,29fe462d72acc526a154415b00881baaba6dd59ad3d1cb74c34b9effa46c5596,2008.0,1724.0,2233.0
4799756a8f9dda34299801a613f6175124e06094ed475bb920a77c5e1ee8ca60,2026-01-26T12:00:00+01:00,2026-01-29 06:00:00+00:00,7,67.0,181.98278814719424,182,champion,healthy,15682f6be018f30297392bda75887a3f89bd48268bc00c1bdda73340408ebba7,f3c7998026261a2e1726c7131e72a648f23038f537348645bc030b37f33009c8,29fe462d72acc526a154415b00881baaba6dd59ad3d1cb74c34b9effa46c5596,158.0,204.0,161.0
4799756a8f9dda34299801a613f6175124e06094ed475bb920a77c5e1ee8ca60,2026-01-26T12:00:00+01:00,2026-01-29 06:00:00+00:00,8,67.0,569.240967407055,569,champion,healthy,15682f6be018f30297392bda75887a3f89bd48268bc00c1bdda73340408ebba7,f3c7998026261a2e1726c7131e72a648f23038f537348645bc030b37f33009c8,29fe462d72acc526a154415b00881baaba6dd59ad3d1cb74c34b9effa46c5596,687.0,719.0,710.0
4799756a8f9dda34299801a613f6175124e06094ed475bb920a77c5e1ee8ca60,2026-01-26T12:00:00+01:00,2026-01-29 06:00:00+00:00,9,67.0,674.6879857481315,675,champion,healthy,15682f6be018f30297392bda75887a3f89bd48268bc00c1bdda73340408ebba7,f3c7998026261a2e1726c7131e72a648f23038f537348645bc030b37f33009c8,29fe462d72acc526a154415b00881baaba6dd59ad3d1cb74c34b9effa46c5596,361.0,620.0,601.0
4799756a8f9dda34299801a613f6175124e06094ed475bb920a77c5e1ee8ca60,2026-01-26T12:00:00+01:00,2026-01-29 07:00:00+00:00,1,68.0,3493.8884452723805,3494,champion,healthy,15682f6be018f30297392bda75887a3f89bd48268bc00c1bdda73340408ebba7,f3c7998026261a2e1726c7131e72a648f23038f537348645bc030b37f33009c8,29fe462d72acc526a154415b00881baaba6dd59ad3d1cb74c34b9effa46c5596,3472.0,3615.0,4288.0
4799756a8f9dda34299801a613f6175124e06094ed475bb920a77c5e1ee8ca60,2026-01-26T12:00:00+01:00,2026-01-29 07:00:00+00:00,10,68.0,2523.5038239070686,2524,champion,healthy,15682f6be018f30297392bda75887a3f89bd48268bc00c1bdda73340408ebba7,f3c7998026261a2e1726c7131e72a648f23038f537348645bc030b37f33009c8,29fe462d72acc526a154415b00881baaba6dd59ad3d1cb74c34b9effa46c5596,2289.0,2573.0,2379.0
4799756a8f9dda34299801a613f6175124e06094ed475bb920a77c5e1ee8ca60,2026-01-26T12:00:00+01:00,2026-01-29 07:00:00+00:00,2,68.0,385.4559265700342,385,champion,healthy,15682f6be018f30297392bda75887a3f89bd48268bc00c1bdda73340408ebba7,f3c7998026261a2e1726c7131e72a648f23038f537348645bc030b37f33009c8,29fe462d72acc526a154415b00881baaba6dd59ad3d1cb74c34b9effa46c5596,436.0,379.0,416.5
4799756a8f9dda34299801a613f6175124e06094ed475bb920a77c5e1ee8ca60,2026-01-26T12:00:00+01:00,2026-01-29 07:00:00+00:00,3,68.0,891.735916652733,892,champion,healthy,15682f6be018f30297392bda75887a3f89bd48268bc00c1bdda73340408ebba7,f3c7998026261a2e1726c7131e72a648f23038f537348645bc030b37f33009c8,29fe462d72acc526a154415b00881baaba6dd59ad3d1cb74c34b9effa46c5596,2159.0,976.0,984.0
4799756a8f9dda34299801a613f6175124e06094ed475bb920a77c5e1ee8ca60,2026-01-26T12:00:00+01:00,2026-01-29 07:00:00+00:00,4,68.0,2918.4814579385034,2918,champion,healthy,15682f6be018f30297392bda75887a3f89bd48268bc00c1bdda73340408ebba7,f3c7998026261a2e1726c7131e72a648f23038f537348645bc030b37f33009c8,29fe462d72acc526a154415b00881baaba6dd59ad3d1cb74c34b9effa46c5596,3208.0,2956.0,3383.5
4799756a8f9dda34299801a613f6175124e06094ed475bb920a77c5e1ee8ca60,2026-01-26T12:00:00+01:00,2026-01-29 07:00:00+00:00,5,68.0,1832.787099135151,1833,champion,healthy,15682f6be018f30297392bda75887a3f89bd48268bc00c1bdda73340408ebba7,f3c7998026261a2e1726c7131e72a648f23038f537348645bc030b37f33009c8,29fe462d72acc526a154415b00881baaba6dd59ad3d1cb74c34b9effa46c5596,1955.0,1896.0,1796.0
4799756a8f9dda34299801a613f6175124e06094ed475bb920a77c5e1ee8ca60,2026-01-26T12:00:00+01:00,2026-01-29 07:00:00+00:00,6,68.0,3559.3331035246774,3559,champion,healthy,15682f6be018f30297392bda75887a3f89bd48268bc00c1bdda73340408ebba7,f3c7998026261a2e1726c7131e72a648f23038f537348645bc030b37f33009c8,29fe462d72acc526a154415b00881baaba6dd59ad3d1cb74c34b9effa46c5596,4190.0,3359.0,3359.0
4799756a8f9dda34299801a613f6175124e06094ed475bb920a77c5e1ee8ca60,2026-01-26T12:00:00+01:00,2026-01-29 07:00:00+00:00,7,68.0,224.7125659991989,225,champion,healthy,15682f6be018f30297392bda75887a3f89bd48268bc00c1bdda73340408ebba7,f3c7998026261a2e1726c7131e72a648f23038f537348645bc030b37f33009c8,29fe462d72acc526a154415b00881baaba6dd59ad3d1cb74c34b9effa46c5596,231.0,269.0,225.0
4799756a8f9dda34299801a613f6175124e06094ed475bb920a77c5e1ee8ca60,2026-01-26T12:00:00+01:00,2026-01-29 07:00:00+00:00,8,68.0,703.4654148124087,703,champion,healthy,15682f6be018f30297392bda75887a3f89bd48268bc00c1bdda73340408ebba7,f3c7998026261a2e1726c7131e72a648f23038f537348645bc030b37f33009c8,29fe462d72acc526a154415b00881baaba6dd59ad3d1cb74c34b9effa46c5596,684.0,728.0,854.0
4799756a8f9dda34299801a613f6175124e06094ed475bb920a77c5e1ee8ca60,2026-01-26T12:00:00+01:00,2026-01-29 07:00:00+00:00,9,68.0,1070.335958460329,1070,champion,healthy,15682f6be018f30297392bda75887a3f89bd48268bc00c1bdda73340408ebba7,f3c7998026261a2e1726c7131e72a648f23038f537348645bc030b37f33009c8,29fe462d72acc526a154415b00881baaba6dd59ad3d1cb74c34b9effa46c5596,939.0,1126.0,940.5
4799756a8f9dda34299801a613f6175124e06094ed475bb920a77c5e1ee8ca60,2026-01-26T12:00:00+01:00,2026-01-29 08:00:00+00:00,1,69.0,2643.481701864774,2643,champion,healthy,15682f6be018f30297392bda75887a3f89bd48268bc00c1bdda73340408ebba7,f3c7998026261a2e1726c7131e72a648f23038f537348645bc030b37f33009c8,29fe462d72acc526a154415b00881baaba6dd59ad3d1cb74c34b9effa46c5596,2468.0,3125.0,3028.0
4799756a8f9dda34299801a613f6175124e06094ed475bb920a77c5e1ee8ca60,2026-01-26T12:00:00+01:00,2026-01-29 08:00:00+00:00,10,69.0,3101.229598042163,3101,champion,healthy,15682f6be018f30297392bda75887a3f89bd48268bc00c1bdda73340408ebba7,f3c7998026261a2e1726c7131e72a648f23038f537348645bc030b37f33009c8,29fe462d72acc526a154415b00881baaba6dd59ad3d1cb74c34b9effa46c5596,2555.0,2845.0,2812.5
4799756a8f9dda34299801a613f6175124e06094ed475bb920a77c5e1ee8ca60,2026-01-26T12:00:00+01:00,2026-01-29 08:00:00+00:00,2,69.0,258.0714146108935,258,champion,healthy,15682f6be018f30297392bda75887a3f89bd48268bc00c1bdda73340408ebba7,f3c7998026261a2e1726c7131e72a648f23038f537348645bc030b37f33009c8,29fe462d72acc526a154415b00881baaba6dd59ad3d1cb74c34b9effa46c5596,233.0,273.0,286.0
4799756a8f9dda34299801a613f6175124e06094ed475bb920a77c5e1ee8ca60,2026-01-26T12:00:00+01:00,2026-01-29 08:00:00+00:00,3,69.0,758.684595992968,759,champion,healthy,15682f6be018f30297392bda75887a3f89bd48268bc00c1bdda73340408ebba7,f3c7998026261a2e1726c7131e72a648f23038f537348645bc030b37f33009c8,29fe462d72acc526a154415b00881baaba6dd59ad3d1cb74c34b9effa46c5596,719.0,791.0,861.0
4799756a8f9dda34299801a613f6175124e06094ed475bb920a77c5e1ee8ca60,2026-01-26T12:00:00+01:00,2026-01-29 08:00:00+00:00,4,69.0,2438.142801732334,2438,champion,healthy,15682f6be018f30297392bda75887a3f89bd48268bc00c1bdda73340408ebba7,f3c7998026261a2e1726c7131e72a648f23038f537348645bc030b37f33009c8,29fe462d72acc526a154415b00881baaba6dd59ad3d1cb74c34b9effa46c5596,2753.0,2364.0,2709.0
4799756a8f9dda34299801a613f6175124e06094ed475bb920a77c5e1ee8ca60,2026-01-26T12:00:00+01:00,2026-01-29 08:00:00+00:00,5,69.0,1466.7394151039289,1467,champion,healthy,15682f6be018f30297392bda75887a3f89bd48268bc00c1bdda73340408ebba7,f3c7998026261a2e1726c7131e72a648f23038f537348645bc030b37f33009c8,29fe462d72acc526a154415b00881baaba6dd59ad3d1cb74c34b9effa46c5596,1587.0,1308.0,1461.5
4799756a8f9dda34299801a613f6175124e06094ed475bb920a77c5e1ee8ca60,2026-01-26T12:00:00+01:00,2026-01-29 08:00:00+00:00,6,69.0,3929.999293582296,3930,champion,healthy,15682f6be018f30297392bda75887a3f89bd48268bc00c1bdda73340408ebba7,f3c7998026261a2e1726c7131e72a648f23038f537348645bc030b37f33009c8,29fe462d72acc526a154415b00881baaba6dd59ad3d1cb74c34b9effa46c5596,4496.0,3992.0,4016.5
4799756a8f9dda34299801a613f6175124e06094ed475bb920a77c5e1ee8ca60,2026-01-26T12:00:00+01:00,2026-01-29 08:00:00+00:00,7,69.0,183.65194517224154,184,champion,healthy,15682f6be018f30297392bda75887a3f89bd48268bc00c1bdda73340408ebba7,f3c7998026261a2e1726c7131e72a648f23038f537348645bc030b37f33009c8,29fe462d72acc526a154415b00881baaba6dd59ad3d1cb74c34b9effa46c5596,171.0,171.0,178.0
4799756a8f9dda34299801a613f6175124e06094ed475bb920a77c5e1ee8ca60,2026-01-26T12:00:00+01:00,2026-01-29 08:00:00+00:00,8,69.0,638.5604385482293,639,champion,healthy,15682f6be018f30297392bda75887a3f89bd48268bc00c1bdda73340408ebba7,f3c7998026261a2e1726c7131e72a648f23038f537348645bc030b37f33009c8,29fe462d72acc526a154415b00881baaba6dd59ad3d1cb74c34b9effa46c5596,580.0,729.0,757.0
4799756a8f9dda34299801a613f6175124e06094ed475bb920a77c5e1ee8ca60,2026-01-26T12:00:00+01:00,2026-01-29 08:00:00+00:00,9,69.0,1197.2480381054274,1197,champion,healthy,15682f6be018f30297392bda75887a3f89bd48268bc00c1bdda73340408ebba7,f3c7998026261a2e1726c7131e72a648f23038f537348645bc030b37f33009c8,29fe462d72acc526a154415b00881baaba6dd59ad3d1cb74c34b9effa46c5596,1146.0,1230.0,1143.0
4799756a8f9dda34299801a613f6175124e06094ed475bb920a77c5e1ee8ca60,2026-01-26T12:00:00+01:00,2026-01-29 09:00:00+00:00,1,70.0,1992.5242564421878,1993,champion,healthy,15682f6be018f30297392bda75887a3f89bd48268bc00c1bdda73340408ebba7,f3c7998026261a2e1726c7131e72a648f23038f537348645bc030b37f33009c8,29fe462d72acc526a154415b00881baaba6dd59ad3d1cb74c34b9effa46c5596,1847.0,2300.0,2215.5
4799756a8f9dda34299801a613f6175124e06094ed475bb920a77c5e1ee8ca60,2026-01-26T12:00:00+01:00,2026-01-29 09:00:00+00:00,10,70.0,2619.3727242673585,2619,champion,healthy,15682f6be018f30297392bda75887a3f89bd48268bc00c1bdda73340408ebba7,f3c7998026261a2e1726c7131e72a648f23038f537348645bc030b37f33009c8,29fe462d72acc526a154415b00881baaba6dd59ad3d1cb74c34b9effa46c5596,3062.0,2650.0,2597.0
4799756a8f9dda34299801a613f6175124e06094ed475bb920a77c5e1ee8ca60,2026-01-26T12:00:00+01:00,2026-01-29 09:00:00+00:00,2,70.0,211.92330259748405,212,champion,healthy,15682f6be018f30297392bda75887a3f89bd48268bc00c1bdda73340408ebba7,f3c7998026261a2e1726c7131e72a648f23038f537348645bc030b37f33009c8,29fe462d72acc526a154415b00881baaba6dd59ad3d1cb74c34b9effa46c5596,244.0,193.0,247.0
4799756a8f9dda34299801a613f6175124e06094ed475bb920a77c5e1ee8ca60,2026-01-26T12:00:00+01:00,2026-01-29 09:00:00+00:00,3,70.0,614.1091362942003,614,champion,healthy,15682f6be018f30297392bda75887a3f89bd48268bc00c1bdda73340408ebba7,f3c7998026261a2e1726c7131e72a648f23038f537348645bc030b37f33009c8,29fe462d72acc526a154415b00881baaba6dd59ad3d1cb74c34b9effa46c5596,528.0,520.0,672.5
4799756a8f9dda34299801a613f6175124e06094ed475bb920a77c5e1ee8ca60,2026-01-26T12:00:00+01:00,2026-01-29 09:00:00+00:00,4,70.0,1412.764357035513,1413,champion,healthy,15682f6be018f30297392bda75887a3f89bd48268bc00c1bdda73340408ebba7,f3c7998026261a2e1726c7131e72a648f23038f537348645bc030b37f33009c8,29fe462d72acc526a154415b00881baaba6dd59ad3d1cb74c34b9effa46c5596,1447.0,1389.0,1670.5
4799756a8f9dda34299801a613f6175124e06094ed475bb920a77c5e1ee8ca60,2026-01-26T12:00:00+01:00,2026-01-29 09:00:00+00:00,5,70.0,1199.9624744220803,1200,champion,healthy,15682f6be018f30297392bda75887a3f89bd48268bc00c1bdda73340408ebba7,f3c7998026261a2e1726c7131e72a648f23038f537348645bc030b37f33009c8,29fe462d72acc526a154415b00881baaba6dd59ad3d1cb74c34b9effa46c5596,1164.0,1104.0,1135.0
4799756a8f9dda34299801a613f6175124e06094ed475bb920a77c5e1ee8ca60,2026-01-26T12:00:00+01:00,2026-01-29 09:00:00+00:00,6,70.0,3914.1231780546655,3914,champion,healthy,15682f6be018f30297392bda75887a3f89bd48268bc00c1bdda73340408ebba7,f3c7998026261a2e1726c7131e72a648f23038f537348645bc030b37f33009c8,29fe462d72acc526a154415b00881baaba6dd59ad3d1cb74c34b9effa46c5596,3843.0,3896.0,3632.5
4799756a8f9dda34299801a613f6175124e06094ed475bb920a77c5e1ee8ca60,2026-01-26T12:00:00+01:00,2026-01-29 09:00:00+00:00,7,70.0,126.49386924071769,126,champion,healthy,15682f6be018f30297392bda75887a3f89bd48268bc00c1bdda73340408ebba7,f3c7998026261a2e1726c7131e72a648f23038f537348645bc030b37f33009c8,29fe462d72acc526a154415b00881baaba6dd59ad3d1cb74c34b9effa46c5596,99.0,144.0,114.0
4799756a8f9dda34299801a613f6175124e06094ed475bb920a77c5e1ee8ca60,2026-01-26T12:00:00+01:00,2026-01-29 09:00:00+00:00,8,70.0,465.94342924700493,466,champion,healthy,15682f6be018f30297392bda75887a3f89bd48268bc00c1bdda73340408ebba7,f3c7998026261a2e1726c7131e72a648f23038f537348645bc030b37f33009c8,29fe462d72acc526a154415b00881baaba6dd59ad3d1cb74c34b9effa46c5596,476.0,416.0,541.5
4799756a8f9dda34299801a613f6175124e06094ed475bb920a77c5e1ee8ca60,2026-01-26T12:00:00+01:00,2026-01-29 09:00:00+00:00,9,70.0,1038.4807647156244,1038,champion,healthy,15682f6be018f30297392bda75887a3f89bd48268bc00c1bdda73340408ebba7,f3c7998026261a2e1726c7131e72a648f23038f537348645bc030b37f33009c8,29fe462d72acc526a154415b00881baaba6dd59ad3d1cb74c34b9effa46c5596,1196.0,980.0,1027.0
4799756a8f9dda34299801a613f6175124e06094ed475bb920a77c5e1ee8ca60,2026-01-26T12:00:00+01:00,2026-01-29 10:00:00+00:00,1,71.0,1678.8621914561982,1679,champion,healthy,15682f6be018f30297392bda75887a3f89bd48268bc00c1bdda73340408ebba7,f3c7998026261a2e1726c7131e72a648f23038f537348645bc030b37f33009c8,29fe462d72acc526a154415b00881baaba6dd59ad3d1cb74c34b9effa46c5596,1548.0,1746.0,1852.0
4799756a8f9dda34299801a613f6175124e06094ed475bb920a77c5e1ee8ca60,2026-01-26T12:00:00+01:00,2026-01-29 10:00:00+00:00,10,71.0,2134.6149490477683,2135,champion,healthy,15682f6be018f30297392bda75887a3f89bd48268bc00c1bdda73340408ebba7,f3c7998026261a2e1726c7131e72a648f23038f537348645bc030b37f33009c8,29fe462d72acc526a154415b00881baaba6dd59ad3d1cb74c34b9effa46c5596,2250.0,2306.0,1940.0
4799756a8f9dda34299801a613f6175124e06094ed475bb920a77c5e1ee8ca60,2026-01-26T12:00:00+01:00,2026-01-29 10:00:00+00:00,2,71.0,188.6594415338477,189,champion,healthy,15682f6be018f30297392bda75887a3f89bd48268bc00c1bdda73340408ebba7,f3c7998026261a2e1726c7131e72a648f23038f537348645bc030b37f33009c8,29fe462d72acc526a154415b00881baaba6dd59ad3d1cb74c34b9effa46c5596,199.0,235.0,229.0
4799756a8f9dda34299801a613f6175124e06094ed475bb920a77c5e1ee8ca60,2026-01-26T12:00:00+01:00,2026-01-29 10:00:00+00:00,3,71.0,486.0555667664979,486,champion,healthy,15682f6be018f30297392bda75887a3f89bd48268bc00c1bdda73340408ebba7,f3c7998026261a2e1726c7131e72a648f23038f537348645bc030b37f33009c8,29fe462d72acc526a154415b00881baaba6dd59ad3d1cb74c34b9effa46c5596,402.0,368.0,515.0
4799756a8f9dda34299801a613f6175124e06094ed475bb920a77c5e1ee8ca60,2026-01-26T12:00:00+01:00,2026-01-29 10:00:00+00:00,4,71.0,1086.596951335311,1087,champion,healthy,15682f6be018f30297392bda75887a3f89bd48268bc00c1bdda73340408ebba7,f3c7998026261a2e1726c7131e72a648f23038f537348645bc030b37f33009c8,29fe462d72acc526a154415b00881baaba6dd59ad3d1cb74c34b9effa46c5596,1251.0,1083.0,1354.0
4799756a8f9dda34299801a613f6175124e06094ed475bb920a77c5e1ee8ca60,2026-01-26T12:00:00+01:00,2026-01-29 10:00:00+00:00,5,71.0,1008.6461057079046,1009,champion,healthy,15682f6be018f30297392bda75887a3f89bd48268bc00c1bdda73340408ebba7,f3c7998026261a2e1726c7131e72a648f23038f537348645bc030b37f33009c8,29fe462d72acc526a154415b00881baaba6dd59ad3d1cb74c34b9effa46c5596,1325.0,897.0,995.0
4799756a8f9dda34299801a613f6175124e06094ed475bb920a77c5e1ee8ca60,2026-01-26T12:00:00+01:00,2026-01-29 10:00:00+00:00,6,71.0,2730.868205258204,2731,champion,healthy,15682f6be018f30297392bda75887a3f89bd48268bc00c1bdda73340408ebba7,f3c7998026261a2e1726c7131e72a648f23038f537348645bc030b37f33009c8,29fe462d72acc526a154415b00881baaba6dd59ad3d1cb74c34b9effa46c5596,2721.0,2683.0,2698.0
4799756a8f9dda34299801a613f6175124e06094ed475bb920a77c5e1ee8ca60,2026-01-26T12:00:00+01:00,2026-01-29 10:00:00+00:00,7,71.0,96.13247549663129,96,champion,healthy,15682f6be018f30297392bda75887a3f89bd48268bc00c1bdda73340408ebba7,f3c7998026261a2e1726c7131e72a648f23038f537348645bc030b37f33009c8,29fe462d72acc526a154415b00881baaba6dd59ad3d1cb74c34b9effa46c5596,73.0,105.0,97.0
4799756a8f9dda34299801a613f6175124e06094ed475bb920a77c5e1ee8ca60,2026-01-26T12:00:00+01:00,2026-01-29 10:00:00+00:00,8,71.0,312.8057616767776,313,champion,healthy,15682f6be018f30297392bda75887a3f89bd48268bc00c1bdda73340408ebba7,f3c7998026261a2e1726c7131e72a648f23038f537348645bc030b37f33009c8,29fe462d72acc526a154415b00881baaba6dd59ad3d1cb74c34b9effa46c5596,315.0,281.0,386.0
4799756a8f9dda34299801a613f6175124e06094ed475bb920a77c5e1ee8ca60,2026-01-26T12:00:00+01:00,2026-01-29 10:00:00+00:00,9,71.0,798.3032405635241,798,champion,healthy,15682f6be018f30297392bda75887a3f89bd48268bc00c1bdda73340408ebba7,f3c7998026261a2e1726c7131e72a648f23038f537348645bc030b37f33009c8,29fe462d72acc526a154415b00881baaba6dd59ad3d1cb74c34b9effa46c5596,937.0,726.0,759.5
4799756a8f9dda34299801a613f6175124e06094ed475bb920a77c5e1ee8ca60,2026-01-26T12:00:00+01:00,2026-01-29 11:00:00+00:00,1,72.0,1360.2039895708779,1360,champion,healthy,15682f6be018f30297392bda75887a3f89bd48268bc00c1bdda73340408ebba7,f3c7998026261a2e1726c7131e72a648f23038f537348645bc030b37f33009c8,29fe462d72acc526a154415b00881baaba6dd59ad3d1cb74c34b9effa46c5596,1756.0,1152.0,1713.0
4799756a8f9dda34299801a613f6175124e06094ed475bb920a77c5e1ee8ca60,2026-01-26T12:00:00+01:00,2026-01-29 11:00:00+00:00,10,72.0,1624.5721442916438,1625,champion,healthy,15682f6be018f30297392bda75887a3f89bd48268bc00c1bdda73340408ebba7,f3c7998026261a2e1726c7131e72a648f23038f537348645bc030b37f33009c8,29fe462d72acc526a154415b00881baaba6dd59ad3d1cb74c34b9effa46c5596,1379.0,1610.0,1587.0
4799756a8f9dda34299801a613f6175124e06094ed475bb920a77c5e1ee8ca60,2026-01-26T12:00:00+01:00,2026-01-29 11:00:00+00:00,2,72.0,193.169408429005,193,champion,healthy,15682f6be018f30297392bda75887a3f89bd48268bc00c1bdda73340408ebba7,f3c7998026261a2e1726c7131e72a648f23038f537348645bc030b37f33009c8,29fe462d72acc526a154415b00881baaba6dd59ad3d1cb74c34b9effa46c5596,191.0,207.0,214.0
4799756a8f9dda34299801a613f6175124e06094ed475bb920a77c5e1ee8ca60,2026-01-26T12:00:00+01:00,2026-01-29 11:00:00+00:00,3,72.0,427.551282688313,428,champion,healthy,15682f6be018f30297392bda75887a3f89bd48268bc00c1bdda73340408ebba7,f3c7998026261a2e1726c7131e72a648f23038f537348645bc030b37f33009c8,29fe462d72acc526a154415b00881baaba6dd59ad3d1cb74c34b9effa46c5596,512.0,487.0,478.0
4799756a8f9dda34299801a613f6175124e06094ed475bb920a77c5e1ee8ca60,2026-01-26T12:00:00+01:00,2026-01-29 11:00:00+00:00,4,72.0,1050.6784063547516,1051,champion,healthy,15682f6be018f30297392bda75887a3f89bd48268bc00c1bdda73340408ebba7,f3c7998026261a2e1726c7131e72a648f23038f537348645bc030b37f33009c8,29fe462d72acc526a154415b00881baaba6dd59ad3d1cb74c34b9effa46c5596,1022.0,886.0,1291.0
4799756a8f9dda34299801a613f6175124e06094ed475bb920a77c5e1ee8ca60,2026-01-26T12:00:00+01:00,2026-01-29 11:00:00+00:00,5,72.0,990.3970861466389,990,champion,healthy,15682f6be018f30297392bda75887a3f89bd48268bc00c1bdda73340408ebba7,f3c7998026261a2e1726c7131e72a648f23038f537348645bc030b37f33009c8,29fe462d72acc526a154415b00881baaba6dd59ad3d1cb74c34b9effa46c5596,961.0,1079.0,952.5
4799756a8f9dda34299801a613f6175124e06094ed475bb920a77c5e1ee8ca60,2026-01-26T12:00:00+01:00,2026-01-29 11:00:00+00:00,6,72.0,1977.274102599571,1977,champion,healthy,15682f6be018f30297392bda75887a3f89bd48268bc00c1bdda73340408ebba7,f3c7998026261a2e1726c7131e72a648f23038f537348645bc030b37f33009c8,29fe462d72acc526a154415b00881baaba6dd59ad3d1cb74c34b9effa46c5596,1562.0,1434.0,1996.0
4799756a8f9dda34299801a613f6175124e06094ed475bb920a77c5e1ee8ca60,2026-01-26T12:00:00+01:00,2026-01-29 11:00:00+00:00,7,72.0,102.33954537707541,102,champion,healthy,15682f6be018f30297392bda75887a3f89bd48268bc00c1bdda73340408ebba7,f3c7998026261a2e1726c7131e72a648f23038f537348645bc030b37f33009c8,29fe462d72acc526a154415b00881baaba6dd59ad3d1cb74c34b9effa46c5596,113.0,114.0,96.0
4799756a8f9dda34299801a613f6175124e06094ed475bb920a77c5e1ee8ca60,2026-01-26T12:00:00+01:00,2026-01-29 11:00:00+00:00,8,72.0,301.3923445508958,301,champion,healthy,15682f6be018f30297392bda75887a3f89bd48268bc00c1bdda73340408ebba7,f3c7998026261a2e1726c7131e72a648f23038f537348645bc030b37f33009c8,29fe462d72acc526a154415b00881baaba6dd59ad3d1cb74c34b9effa46c5596,315.0,293.0,329.0
4799756a8f9dda34299801a613f6175124e06094ed475bb920a77c5e1ee8ca60,2026-01-26T12:00:00+01:00,2026-01-29 11:00:00+00:00,9,72.0,629.8397145018417,630,champion,healthy,15682f6be018f30297392bda75887a3f89bd48268bc00c1bdda73340408ebba7,f3c7998026261a2e1726c7131e72a648f23038f537348645bc030b37f33009c8,29fe462d72acc526a154415b00881baaba6dd59ad3d1cb74c34b9effa46c5596,677.0,579.0,549.0
4799756a8f9dda34299801a613f6175124e06094ed475bb920a77c5e1ee8ca60,2026-01-26T12:00:00+01:00,2026-01-30 06:00:00+00:00,1,91.0,3466.281317178797,3466,champion,healthy,15682f6be018f30297392bda75887a3f89bd48268bc00c1bdda73340408ebba7,f3c7998026261a2e1726c7131e72a648f23038f537348645bc030b37f33009c8,29fe462d72acc526a154415b00881baaba6dd59ad3d1cb74c34b9effa46c5596,3516.0,3353.0,4057.5
4799756a8f9dda34299801a613f6175124e06094ed475bb920a77c5e1ee8ca60,2026-01-26T12:00:00+01:00,2026-01-30 06:00:00+00:00,10,91.0,2398.79057025808,2399,champion,healthy,15682f6be018f30297392bda75887a3f89bd48268bc00c1bdda73340408ebba7,f3c7998026261a2e1726c7131e72a648f23038f537348645bc030b37f33009c8,29fe462d72acc526a154415b00881baaba6dd59ad3d1cb74c34b9effa46c5596,2262.0,1887.0,2280.0
4799756a8f9dda34299801a613f6175124e06094ed475bb920a77c5e1ee8ca60,2026-01-26T12:00:00+01:00,2026-01-30 06:00:00+00:00,2,91.0,734.3726202936502,734,champion,healthy,15682f6be018f30297392bda75887a3f89bd48268bc00c1bdda73340408ebba7,f3c7998026261a2e1726c7131e72a648f23038f537348645bc030b37f33009c8,29fe462d72acc526a154415b00881baaba6dd59ad3d1cb74c34b9effa46c5596,792.0,720.0,848.0
4799756a8f9dda34299801a613f6175124e06094ed475bb920a77c5e1ee8ca60,2026-01-26T12:00:00+01:00,2026-01-30 06:00:00+00:00,3,91.0,837.3963804875176,837,champion,healthy,15682f6be018f30297392bda75887a3f89bd48268bc00c1bdda73340408ebba7,f3c7998026261a2e1726c7131e72a648f23038f537348645bc030b37f33009c8,29fe462d72acc526a154415b00881baaba6dd59ad3d1cb74c34b9effa46c5596,900.0,933.0,919.0
4799756a8f9dda34299801a613f6175124e06094ed475bb920a77c5e1ee8ca60,2026-01-26T12:00:00+01:00,2026-01-30 06:00:00+00:00,4,91.0,2235.911276984568,2236,champion,healthy,15682f6be018f30297392bda75887a3f89bd48268bc00c1bdda73340408ebba7,f3c7998026261a2e1726c7131e72a648f23038f537348645bc030b37f33009c8,29fe462d72acc526a154415b00881baaba6dd59ad3d1cb74c34b9effa46c5596,2647.0,2235.0,2658.5
4799756a8f9dda34299801a613f6175124e06094ed475bb920a77c5e1ee8ca60,2026-01-26T12:00:00+01:00,2026-01-30 06:00:00+00:00,5,91.0,2336.0575315804044,2336,champion,healthy,15682f6be018f30297392bda75887a3f89bd48268bc00c1bdda73340408ebba7,f3c7998026261a2e1726c7131e72a648f23038f537348645bc030b37f33009c8,29fe462d72acc526a154415b00881baaba6dd59ad3d1cb74c34b9effa46c5596,2562.0,2280.0,2421.5
4799756a8f9dda34299801a613f6175124e06094ed475bb920a77c5e1ee8ca60,2026-01-26T12:00:00+01:00,2026-01-30 06:00:00+00:00,6,91.0,2682.737852986088,2683,champion,healthy,15682f6be018f30297392bda75887a3f89bd48268bc00c1bdda73340408ebba7,f3c7998026261a2e1726c7131e72a648f23038f537348645bc030b37f33009c8,29fe462d72acc526a154415b00881baaba6dd59ad3d1cb74c34b9effa46c5596,1803.0,2393.0,2683.0
4799756a8f9dda34299801a613f6175124e06094ed475bb920a77c5e1ee8ca60,2026-01-26T12:00:00+01:00,2026-01-30 06:00:00+00:00,7,91.0,201.40840505862843,201,champion,healthy,15682f6be018f30297392bda75887a3f89bd48268bc00c1bdda73340408ebba7,f3c7998026261a2e1726c7131e72a648f23038f537348645bc030b37f33009c8,29fe462d72acc526a154415b00881baaba6dd59ad3d1cb74c34b9effa46c5596,188.0,147.0,178.5
4799756a8f9dda34299801a613f6175124e06094ed475bb920a77c5e1ee8ca60,2026-01-26T12:00:00+01:00,2026-01-30 06:00:00+00:00,8,91.0,618.5985700225542,619,champion,healthy,15682f6be018f30297392bda75887a3f89bd48268bc00c1bdda73340408ebba7,f3c7998026261a2e1726c7131e72a648f23038f537348645bc030b37f33009c8,29fe462d72acc526a154415b00881baaba6dd59ad3d1cb74c34b9effa46c5596,545.0,721.0,709.0
4799756a8f9dda34299801a613f6175124e06094ed475bb920a77c5e1ee8ca60,2026-01-26T12:00:00+01:00,2026-01-30 06:00:00+00:00,9,91.0,1050.129686468642,1050,champion,healthy,15682f6be018f30297392bda75887a3f89bd48268bc00c1bdda73340408ebba7,f3c7998026261a2e1726c7131e72a648f23038f537348645bc030b37f33009c8,29fe462d72acc526a154415b00881baaba6dd59ad3d1cb74c34b9effa46c5596,958.0,953.0,998.0
4799756a8f9dda34299801a613f6175124e06094ed475bb920a77c5e1ee8ca60,2026-01-26T12:00:00+01:00,2026-01-30 07:00:00+00:00,1,92.0,3198.3264789118557,3198,champion,healthy,15682f6be018f30297392bda75887a3f89bd48268bc00c1bdda73340408ebba7,f3c7998026261a2e1726c7131e72a648f23038f537348645bc030b37f33009c8,29fe462d72acc526a154415b00881baaba6dd59ad3d1cb74c34b9effa46c5596,2884.0,3122.0,3627.0
4799756a8f9dda34299801a613f6175124e06094ed475bb920a77c5e1ee8ca60,2026-01-26T12:00:00+01:00,2026-01-30 07:00:00+00:00,10,92.0,3118.3459535984985,3118,champion,healthy,15682f6be018f30297392bda75887a3f89bd48268bc00c1bdda73340408ebba7,f3c7998026261a2e1726c7131e72a648f23038f537348645bc030b37f33009c8,29fe462d72acc526a154415b00881baaba6dd59ad3d1cb74c34b9effa46c5596,3324.0,2800.0,3255.0
4799756a8f9dda34299801a613f6175124e06094ed475bb920a77c5e1ee8ca60,2026-01-26T12:00:00+01:00,2026-01-30 07:00:00+00:00,2,92.0,647.5607917190167,648,champion,healthy,15682f6be018f30297392bda75887a3f89bd48268bc00c1bdda73340408ebba7,f3c7998026261a2e1726c7131e72a648f23038f537348645bc030b37f33009c8,29fe462d72acc526a154415b00881baaba6dd59ad3d1cb74c34b9effa46c5596,685.0,679.0,763.0
4799756a8f9dda34299801a613f6175124e06094ed475bb920a77c5e1ee8ca60,2026-01-26T12:00:00+01:00,2026-01-30 07:00:00+00:00,3,92.0,949.3225294662352,949,champion,healthy,15682f6be018f30297392bda75887a3f89bd48268bc00c1bdda73340408ebba7,f3c7998026261a2e1726c7131e72a648f23038f537348645bc030b37f33009c8,29fe462d72acc526a154415b00881baaba6dd59ad3d1cb74c34b9effa46c5596,1015.0,986.0,1095.5
4799756a8f9dda34299801a613f6175124e06094ed475bb920a77c5e1ee8ca60,2026-01-26T12:00:00+01:00,2026-01-30 07:00:00+00:00,4,92.0,3235.326555764641,3235,champion,healthy,15682f6be018f30297392bda75887a3f89bd48268bc00c1bdda73340408ebba7,f3c7998026261a2e1726c7131e72a648f23038f537348645bc030b37f33009c8,29fe462d72acc526a154415b00881baaba6dd59ad3d1cb74c34b9effa46c5596,3310.0,3316.0,3706.0
4799756a8f9dda34299801a613f6175124e06094ed475bb920a77c5e1ee8ca60,2026-01-26T12:00:00+01:00,2026-01-30 07:00:00+00:00,5,92.0,2268.6170883895356,2269,champion,healthy,15682f6be018f30297392bda75887a3f89bd48268bc00c1bdda73340408ebba7,f3c7998026261a2e1726c7131e72a648f23038f537348645bc030b37f33009c8,29fe462d72acc526a154415b00881baaba6dd59ad3d1cb74c34b9effa46c5596,2187.0,2063.0,2274.0
4799756a8f9dda34299801a613f6175124e06094ed475bb920a77c5e1ee8ca60,2026-01-26T12:00:00+01:00,2026-01-30 07:00:00+00:00,6,92.0,4313.216870943203,4313,champion,healthy,15682f6be018f30297392bda75887a3f89bd48268bc00c1bdda73340408ebba7,f3c7998026261a2e1726c7131e72a648f23038f537348645bc030b37f33009c8,29fe462d72acc526a154415b00881baaba6dd59ad3d1cb74c34b9effa46c5596,4323.0,4097.0,4021.0
4799756a8f9dda34299801a613f6175124e06094ed475bb920a77c5e1ee8ca60,2026-01-26T12:00:00+01:00,2026-01-30 07:00:00+00:00,7,92.0,268.3487466337481,268,champion,healthy,15682f6be018f30297392bda75887a3f89bd48268bc00c1bdda73340408ebba7,f3c7998026261a2e1726c7131e72a648f23038f537348645bc030b37f33009c8,29fe462d72acc526a154415b00881baaba6dd59ad3d1cb74c34b9effa46c5596,246.0,250.0,254.5
4799756a8f9dda34299801a613f6175124e06094ed475bb920a77c5e1ee8ca60,2026-01-26T12:00:00+01:00,2026-01-30 07:00:00+00:00,8,92.0,743.8980438967859,744,champion,healthy,15682f6be018f30297392bda75887a3f89bd48268bc00c1bdda73340408ebba7,f3c7998026261a2e1726c7131e72a648f23038f537348645bc030b37f33009c8,29fe462d72acc526a154415b00881baaba6dd59ad3d1cb74c34b9effa46c5596,719.0,722.0,840.0
4799756a8f9dda34299801a613f6175124e06094ed475bb920a77c5e1ee8ca60,2026-01-26T12:00:00+01:00,2026-01-30 07:00:00+00:00,9,92.0,1629.8231348479462,1630,champion,healthy,15682f6be018f30297392bda75887a3f89bd48268bc00c1bdda73340408ebba7,f3c7998026261a2e1726c7131e72a648f23038f537348645bc030b37f33009c8,29fe462d72acc526a154415b00881baaba6dd59ad3d1cb74c34b9effa46c5596,1437.0,1703.0,1536.0
4799756a8f9dda34299801a613f6175124e06094ed475bb920a77c5e1ee8ca60,2026-01-26T12:00:00+01:00,2026-01-30 08:00:00+00:00,1,93.0,2325.5054025060595,2326,champion,healthy,15682f6be018f30297392bda75887a3f89bd48268bc00c1bdda73340408ebba7,f3c7998026261a2e1726c7131e72a648f23038f537348645bc030b37f33009c8,29fe462d72acc526a154415b00881baaba6dd59ad3d1cb74c34b9effa46c5596,2690.0,2293.0,2718.5
4799756a8f9dda34299801a613f6175124e06094ed475bb920a77c5e1ee8ca60,2026-01-26T12:00:00+01:00,2026-01-30 08:00:00+00:00,10,93.0,4074.3611130057725,4074,champion,healthy,15682f6be018f30297392bda75887a3f89bd48268bc00c1bdda73340408ebba7,f3c7998026261a2e1726c7131e72a648f23038f537348645bc030b37f33009c8,29fe462d72acc526a154415b00881baaba6dd59ad3d1cb74c34b9effa46c5596,4134.0,4044.0,3933.0
4799756a8f9dda34299801a613f6175124e06094ed475bb920a77c5e1ee8ca60,2026-01-26T12:00:00+01:00,2026-01-30 08:00:00+00:00,2,93.0,439.8178230877726,440,champion,healthy,15682f6be018f30297392bda75887a3f89bd48268bc00c1bdda73340408ebba7,f3c7998026261a2e1726c7131e72a648f23038f537348645bc030b37f33009c8,29fe462d72acc526a154415b00881baaba6dd59ad3d1cb74c34b9effa46c5596,503.0,464.0,546.0
4799756a8f9dda34299801a613f6175124e06094ed475bb920a77c5e1ee8ca60,2026-01-26T12:00:00+01:00,2026-01-30 08:00:00+00:00,3,93.0,838.2333795164406,838,champion,healthy,15682f6be018f30297392bda75887a3f89bd48268bc00c1bdda73340408ebba7,f3c7998026261a2e1726c7131e72a648f23038f537348645bc030b37f33009c8,29fe462d72acc526a154415b00881baaba6dd59ad3d1cb74c34b9effa46c5596,951.0,858.0,973.5
4799756a8f9dda34299801a613f6175124e06094ed475bb920a77c5e1ee8ca60,2026-01-26T12:00:00+01:00,2026-01-30 08:00:00+00:00,4,93.0,2664.5666575451623,2665,champion,healthy,15682f6be018f30297392bda75887a3f89bd48268bc00c1bdda73340408ebba7,f3c7998026261a2e1726c7131e72a648f23038f537348645bc030b37f33009c8,29fe462d72acc526a154415b00881baaba6dd59ad3d1cb74c34b9effa46c5596,2697.0,2541.0,2949.5
4799756a8f9dda34299801a613f6175124e06094ed475bb920a77c5e1ee8ca60,2026-01-26T12:00:00+01:00,2026-01-30 08:00:00+00:00,5,93.0,1867.6240601451298,1868,champion,healthy,15682f6be018f30297392bda75887a3f89bd48268bc00c1bdda73340408ebba7,f3c7998026261a2e1726c7131e72a648f23038f537348645bc030b37f33009c8,29fe462d72acc526a154415b00881baaba6dd59ad3d1cb74c34b9effa46c5596,2195.0,2045.0,1862.5
4799756a8f9dda34299801a613f6175124e06094ed475bb920a77c5e1ee8ca60,2026-01-26T12:00:00+01:00,2026-01-30 08:00:00+00:00,6,93.0,6017.4510169549885,6017,champion,healthy,15682f6be018f30297392bda75887a3f89bd48268bc00c1bdda73340408ebba7,f3c7998026261a2e1726c7131e72a648f23038f537348645bc030b37f33009c8,29fe462d72acc526a154415b00881baaba6dd59ad3d1cb74c34b9effa46c5596,5161.0,5214.0,4722.5
4799756a8f9dda34299801a613f6175124e06094ed475bb920a77c5e1ee8ca60,2026-01-26T12:00:00+01:00,2026-01-30 08:00:00+00:00,7,93.0,205.37915624954599,205,champion,healthy,15682f6be018f30297392bda75887a3f89bd48268bc00c1bdda73340408ebba7,f3c7998026261a2e1726c7131e72a648f23038f537348645bc030b37f33009c8,29fe462d72acc526a154415b00881baaba6dd59ad3d1cb74c34b9effa46c5596,213.0,186.0,200.0
4799756a8f9dda34299801a613f6175124e06094ed475bb920a77c5e1ee8ca60,2026-01-26T12:00:00+01:00,2026-01-30 08:00:00+00:00,8,93.0,686.4429790826666,686,champion,healthy,15682f6be018f30297392bda75887a3f89bd48268bc00c1bdda73340408ebba7,f3c7998026261a2e1726c7131e72a648f23038f537348645bc030b37f33009c8,29fe462d72acc526a154415b00881baaba6dd59ad3d1cb74c34b9effa46c5596,589.0,540.0,774.5
4799756a8f9dda34299801a613f6175124e06094ed475bb920a77c5e1ee8ca60,2026-01-26T12:00:00+01:00,2026-01-30 08:00:00+00:00,9,93.0,1868.6742464793767,1869,champion,healthy,15682f6be018f30297392bda75887a3f89bd48268bc00c1bdda73340408ebba7,f3c7998026261a2e1726c7131e72a648f23038f537348645bc030b37f33009c8,29fe462d72acc526a154415b00881baaba6dd59ad3d1cb74c34b9effa46c5596,2026.0,1768.0,1783.0
4799756a8f9dda34299801a613f6175124e06094ed475bb920a77c5e1ee8ca60,2026-01-26T12:00:00+01:00,2026-01-30 09:00:00+00:00,1,94.0,1732.1900493375765,1732,champion,healthy,15682f6be018f30297392bda75887a3f89bd48268bc00c1bdda73340408ebba7,f3c7998026261a2e1726c7131e72a648f23038f537348645bc030b37f33009c8,29fe462d72acc526a154415b00881baaba6dd59ad3d1cb74c34b9effa46c5596,2094.0,1967.0,1919.0
4799756a8f9dda34299801a613f6175124e06094ed475bb920a77c5e1ee8ca60,2026-01-26T12:00:00+01:00,2026-01-30 09:00:00+00:00,10,94.0,3757.0109574027833,3757,champion,healthy,15682f6be018f30297392bda75887a3f89bd48268bc00c1bdda73340408ebba7,f3c7998026261a2e1726c7131e72a648f23038f537348645bc030b37f33009c8,29fe462d72acc526a154415b00881baaba6dd59ad3d1cb74c34b9effa46c5596,3624.0,3785.0,3664.0
4799756a8f9dda34299801a613f6175124e06094ed475bb920a77c5e1ee8ca60,2026-01-26T12:00:00+01:00,2026-01-30 09:00:00+00:00,2,94.0,418.60067718781147,419,champion,healthy,15682f6be018f30297392bda75887a3f89bd48268bc00c1bdda73340408ebba7,f3c7998026261a2e1726c7131e72a648f23038f537348645bc030b37f33009c8,29fe462d72acc526a154415b00881baaba6dd59ad3d1cb74c34b9effa46c5596,340.0,423.0,457.0
4799756a8f9dda34299801a613f6175124e06094ed475bb920a77c5e1ee8ca60,2026-01-26T12:00:00+01:00,2026-01-30 09:00:00+00:00,3,94.0,674.1586065640018,674,champion,healthy,15682f6be018f30297392bda75887a3f89bd48268bc00c1bdda73340408ebba7,f3c7998026261a2e1726c7131e72a648f23038f537348645bc030b37f33009c8,29fe462d72acc526a154415b00881baaba6dd59ad3d1cb74c34b9effa46c5596,636.0,735.0,751.0
4799756a8f9dda34299801a613f6175124e06094ed475bb920a77c5e1ee8ca60,2026-01-26T12:00:00+01:00,2026-01-30 09:00:00+00:00,4,94.0,1661.8906375056508,1662,champion,healthy,15682f6be018f30297392bda75887a3f89bd48268bc00c1bdda73340408ebba7,f3c7998026261a2e1726c7131e72a648f23038f537348645bc030b37f33009c8,29fe462d72acc526a154415b00881baaba6dd59ad3d1cb74c34b9effa46c5596,1430.0,1848.0,1825.5
4799756a8f9dda34299801a613f6175124e06094ed475bb920a77c5e1ee8ca60,2026-01-26T12:00:00+01:00,2026-01-30 09:00:00+00:00,5,94.0,1575.174169334161,1575,champion,healthy,15682f6be018f30297392bda75887a3f89bd48268bc00c1bdda73340408ebba7,f3c7998026261a2e1726c7131e72a648f23038f537348645bc030b37f33009c8,29fe462d72acc526a154415b00881baaba6dd59ad3d1cb74c34b9effa46c5596,1726.0,1432.0,1506.5
4799756a8f9dda34299801a613f6175124e06094ed475bb920a77c5e1ee8ca60,2026-01-26T12:00:00+01:00,2026-01-30 09:00:00+00:00,6,94.0,4459.470816236742,4459,champion,healthy,15682f6be018f30297392bda75887a3f89bd48268bc00c1bdda73340408ebba7,f3c7998026261a2e1726c7131e72a648f23038f537348645bc030b37f33009c8,29fe462d72acc526a154415b00881baaba6dd59ad3d1cb74c34b9effa46c5596,4742.0,3907.0,4335.0
4799756a8f9dda34299801a613f6175124e06094ed475bb920a77c5e1ee8ca60,2026-01-26T12:00:00+01:00,2026-01-30 09:00:00+00:00,7,94.0,136.37389053409788,136,champion,healthy,15682f6be018f30297392bda75887a3f89bd48268bc00c1bdda73340408ebba7,f3c7998026261a2e1726c7131e72a648f23038f537348645bc030b37f33009c8,29fe462d72acc526a154415b00881baaba6dd59ad3d1cb74c34b9effa46c5596,97.0,136.0,126.0
4799756a8f9dda34299801a613f6175124e06094ed475bb920a77c5e1ee8ca60,2026-01-26T12:00:00+01:00,2026-01-30 09:00:00+00:00,8,94.0,485.2407975292417,485,champion,healthy,15682f6be018f30297392bda75887a3f89bd48268bc00c1bdda73340408ebba7,f3c7998026261a2e1726c7131e72a648f23038f537348645bc030b37f33009c8,29fe462d72acc526a154415b00881baaba6dd59ad3d1cb74c34b9effa46c5596,486.0,530.0,537.0
4799756a8f9dda34299801a613f6175124e06094ed475bb920a77c5e1ee8ca60,2026-01-26T12:00:00+01:00,2026-01-30 09:00:00+00:00,9,94.0,1639.170584518974,1639,champion,healthy,15682f6be018f30297392bda75887a3f89bd48268bc00c1bdda73340408ebba7,f3c7998026261a2e1726c7131e72a648f23038f537348645bc030b37f33009c8,29fe462d72acc526a154415b00881baaba6dd59ad3d1cb74c34b9effa46c5596,1716.0,1817.0,1681.0
4799756a8f9dda34299801a613f6175124e06094ed475bb920a77c5e1ee8ca60,2026-01-26T12:00:00+01:00,2026-01-30 10:00:00+00:00,1,95.0,1550.2832638882048,1550,champion,healthy,15682f6be018f30297392bda75887a3f89bd48268bc00c1bdda73340408ebba7,f3c7998026261a2e1726c7131e72a648f23038f537348645bc030b37f33009c8,29fe462d72acc526a154415b00881baaba6dd59ad3d1cb74c34b9effa46c5596,1312.0,1867.0,1657.0
4799756a8f9dda34299801a613f6175124e06094ed475bb920a77c5e1ee8ca60,2026-01-26T12:00:00+01:00,2026-01-30 10:00:00+00:00,10,95.0,2914.0361425021074,2914,champion,healthy,15682f6be018f30297392bda75887a3f89bd48268bc00c1bdda73340408ebba7,f3c7998026261a2e1726c7131e72a648f23038f537348645bc030b37f33009c8,29fe462d72acc526a154415b00881baaba6dd59ad3d1cb74c34b9effa46c5596,3168.0,3024.0,2823.0
4799756a8f9dda34299801a613f6175124e06094ed475bb920a77c5e1ee8ca60,2026-01-26T12:00:00+01:00,2026-01-30 10:00:00+00:00,2,95.0,376.12967737840836,376,champion,healthy,15682f6be018f30297392bda75887a3f89bd48268bc00c1bdda73340408ebba7,f3c7998026261a2e1726c7131e72a648f23038f537348645bc030b37f33009c8,29fe462d72acc526a154415b00881baaba6dd59ad3d1cb74c34b9effa46c5596,306.0,404.0,413.0
4799756a8f9dda34299801a613f6175124e06094ed475bb920a77c5e1ee8ca60,2026-01-26T12:00:00+01:00,2026-01-30 10:00:00+00:00,3,95.0,557.8837942192584,558,champion,healthy,15682f6be018f30297392bda75887a3f89bd48268bc00c1bdda73340408ebba7,f3c7998026261a2e1726c7131e72a648f23038f537348645bc030b37f33009c8,29fe462d72acc526a154415b00881baaba6dd59ad3d1cb74c34b9effa46c5596,538.0,468.0,559.0
4799756a8f9dda34299801a613f6175124e06094ed475bb920a77c5e1ee8ca60,2026-01-26T12:00:00+01:00,2026-01-30 10:00:00+00:00,4,95.0,1163.4588318581457,1163,champion,healthy,15682f6be018f30297392bda75887a3f89bd48268bc00c1bdda73340408ebba7,f3c7998026261a2e1726c7131e72a648f23038f537348645bc030b37f33009c8,29fe462d72acc526a154415b00881baaba6dd59ad3d1cb74c34b9effa46c5596,1245.0,1058.0,1453.0
4799756a8f9dda34299801a613f6175124e06094ed475bb920a77c5e1ee8ca60,2026-01-26T12:00:00+01:00,2026-01-30 10:00:00+00:00,5,95.0,1232.75759672812,1233,champion,healthy,15682f6be018f30297392bda75887a3f89bd48268bc00c1bdda73340408ebba7,f3c7998026261a2e1726c7131e72a648f23038f537348645bc030b37f33009c8,29fe462d72acc526a154415b00881baaba6dd59ad3d1cb74c34b9effa46c5596,931.0,1202.0,1258.0
4799756a8f9dda34299801a613f6175124e06094ed475bb920a77c5e1ee8ca60,2026-01-26T12:00:00+01:00,2026-01-30 10:00:00+00:00,6,95.0,3270.7554074205377,3271,champion,healthy,15682f6be018f30297392bda75887a3f89bd48268bc00c1bdda73340408ebba7,f3c7998026261a2e1726c7131e72a648f23038f537348645bc030b37f33009c8,29fe462d72acc526a154415b00881baaba6dd59ad3d1cb74c34b9effa46c5596,2919.0,3603.0,3146.5
4799756a8f9dda34299801a613f6175124e06094ed475bb920a77c5e1ee8ca60,2026-01-26T12:00:00+01:00,2026-01-30 10:00:00+00:00,7,95.0,125.31677865551524,125,champion,healthy,15682f6be018f30297392bda75887a3f89bd48268bc00c1bdda73340408ebba7,f3c7998026261a2e1726c7131e72a648f23038f537348645bc030b37f33009c8,29fe462d72acc526a154415b00881baaba6dd59ad3d1cb74c34b9effa46c5596,82.0,87.0,107.5
4799756a8f9dda34299801a613f6175124e06094ed475bb920a77c5e1ee8ca60,2026-01-26T12:00:00+01:00,2026-01-30 10:00:00+00:00,8,95.0,375.4870372476594,375,champion,healthy,15682f6be018f30297392bda75887a3f89bd48268bc00c1bdda73340408ebba7,f3c7998026261a2e1726c7131e72a648f23038f537348645bc030b37f33009c8,29fe462d72acc526a154415b00881baaba6dd59ad3d1cb74c34b9effa46c5596,304.0,396.0,381.0
4799756a8f9dda34299801a613f6175124e06094ed475bb920a77c5e1ee8ca60,2026-01-26T12:00:00+01:00,2026-01-30 10:00:00+00:00,9,95.0,1301.4705697590302,1301,champion,healthy,15682f6be018f30297392bda75887a3f89bd48268bc00c1bdda73340408ebba7,f3c7998026261a2e1726c7131e72a648f23038f537348645bc030b37f33009c8,29fe462d72acc526a154415b00881baaba6dd59ad3d1cb74c34b9effa46c5596,1322.0,1273.0,1213.0
4799756a8f9dda34299801a613f6175124e06094ed475bb920a77c5e1ee8ca60,2026-01-26T12:00:00+01:00,2026-01-30 11:00:00+00:00,1,96.0,1297.2526023015241,1297,champion,healthy,15682f6be018f30297392bda75887a3f89bd48268bc00c1bdda73340408ebba7,f3c7998026261a2e1726c7131e72a648f23038f537348645bc030b37f33009c8,29fe462d72acc526a154415b00881baaba6dd59ad3d1cb74c34b9effa46c5596,1063.0,1000.0,1511.0
4799756a8f9dda34299801a613f6175124e06094ed475bb920a77c5e1ee8ca60,2026-01-26T12:00:00+01:00,2026-01-30 11:00:00+00:00,10,96.0,2231.786487599736,2232,champion,healthy,15682f6be018f30297392bda75887a3f89bd48268bc00c1bdda73340408ebba7,f3c7998026261a2e1726c7131e72a648f23038f537348645bc030b37f33009c8,29fe462d72acc526a154415b00881baaba6dd59ad3d1cb74c34b9effa46c5596,1664.0,1749.0,2292.0
4799756a8f9dda34299801a613f6175124e06094ed475bb920a77c5e1ee8ca60,2026-01-26T12:00:00+01:00,2026-01-30 11:00:00+00:00,2,96.0,356.42907371985655,356,champion,healthy,15682f6be018f30297392bda75887a3f89bd48268bc00c1bdda73340408ebba7,f3c7998026261a2e1726c7131e72a648f23038f537348645bc030b37f33009c8,29fe462d72acc526a154415b00881baaba6dd59ad3d1cb74c34b9effa46c5596,379.0,407.0,387.0
4799756a8f9dda34299801a613f6175124e06094ed475bb920a77c5e1ee8ca60,2026-01-26T12:00:00+01:00,2026-01-30 11:00:00+00:00,3,96.0,473.7050007582842,474,champion,healthy,15682f6be018f30297392bda75887a3f89bd48268bc00c1bdda73340408ebba7,f3c7998026261a2e1726c7131e72a648f23038f537348645bc030b37f33009c8,29fe462d72acc526a154415b00881baaba6dd59ad3d1cb74c34b9effa46c5596,417.0,567.0,527.0
4799756a8f9dda34299801a613f6175124e06094ed475bb920a77c5e1ee8ca60,2026-01-26T12:00:00+01:00,2026-01-30 11:00:00+00:00,4,96.0,1279.434784075233,1279,champion,healthy,15682f6be018f30297392bda75887a3f89bd48268bc00c1bdda73340408ebba7,f3c7998026261a2e1726c7131e72a648f23038f537348645bc030b37f33009c8,29fe462d72acc526a154415b00881baaba6dd59ad3d1cb74c34b9effa46c5596,1221.0,1465.0,1349.0
4799756a8f9dda34299801a613f6175124e06094ed475bb920a77c5e1ee8ca60,2026-01-26T12:00:00+01:00,2026-01-30 11:00:00+00:00,5,96.0,1216.2945092860944,1216,champion,healthy,15682f6be018f30297392bda75887a3f89bd48268bc00c1bdda73340408ebba7,f3c7998026261a2e1726c7131e72a648f23038f537348645bc030b37f33009c8,29fe462d72acc526a154415b00881baaba6dd59ad3d1cb74c34b9effa46c5596,1107.0,1300.0,1164.5
4799756a8f9dda34299801a613f6175124e06094ed475bb920a77c5e1ee8ca60,2026-01-26T12:00:00+01:00,2026-01-30 11:00:00+00:00,6,96.0,2445.263264233356,2445,champion,healthy,15682f6be018f30297392bda75887a3f89bd48268bc00c1bdda73340408ebba7,f3c7998026261a2e1726c7131e72a648f23038f537348645bc030b37f33009c8,29fe462d72acc526a154415b00881baaba6dd59ad3d1cb74c34b9effa46c5596,2475.0,3014.0,2425.5
4799756a8f9dda34299801a613f6175124e06094ed475bb920a77c5e1ee8ca60,2026-01-26T12:00:00+01:00,2026-01-30 11:00:00+00:00,7,96.0,124.08353164927394,124,champion,healthy,15682f6be018f30297392bda75887a3f89bd48268bc00c1bdda73340408ebba7,f3c7998026261a2e1726c7131e72a648f23038f537348645bc030b37f33009c8,29fe462d72acc526a154415b00881baaba6dd59ad3d1cb74c34b9effa46c5596,109.0,92.0,104.0
4799756a8f9dda34299801a613f6175124e06094ed475bb920a77c5e1ee8ca60,2026-01-26T12:00:00+01:00,2026-01-30 11:00:00+00:00,8,96.0,472.80305146570925,473,champion,healthy,15682f6be018f30297392bda75887a3f89bd48268bc00c1bdda73340408ebba7,f3c7998026261a2e1726c7131e72a648f23038f537348645bc030b37f33009c8,29fe462d72acc526a154415b00881baaba6dd59ad3d1cb74c34b9effa46c5596,250.0,293.0,328.5
4799756a8f9dda34299801a613f6175124e06094ed475bb920a77c5e1ee8ca60,2026-01-26T12:00:00+01:00,2026-01-30 11:00:00+00:00,9,96.0,977.4654277588011,977,champion,healthy,15682f6be018f30297392bda75887a3f89bd48268bc00c1bdda73340408ebba7,f3c7998026261a2e1726c7131e72a648f23038f537348645bc030b37f33009c8,29fe462d72acc526a154415b00881baaba6dd59ad3d1cb74c34b9effa46c5596,1010.0,1023.0,890.0
4799756a8f9dda34299801a613f6175124e06094ed475bb920a77c5e1ee8ca60,2026-01-26T12:00:00+01:00,2026-01-31 06:00:00+00:00,1,115.0,4132.114669446927,4132,champion,healthy,15682f6be018f30297392bda75887a3f89bd48268bc00c1bdda73340408ebba7,f3c7998026261a2e1726c7131e72a648f23038f537348645bc030b37f33009c8,29fe462d72acc526a154415b00881baaba6dd59ad3d1cb74c34b9effa46c5596,3897.0,3379.0,4088.0
4799756a8f9dda34299801a613f6175124e06094ed475bb920a77c5e1ee8ca60,2026-01-26T12:00:00+01:00,2026-01-31 06:00:00+00:00,10,115.0,1489.0962591104328,1489,champion,healthy,15682f6be018f30297392bda75887a3f89bd48268bc00c1bdda73340408ebba7,f3c7998026261a2e1726c7131e72a648f23038f537348645bc030b37f33009c8,29fe462d72acc526a154415b00881baaba6dd59ad3d1cb74c34b9effa46c5596,855.0,1176.0,1436.5
4799756a8f9dda34299801a613f6175124e06094ed475bb920a77c5e1ee8ca60,2026-01-26T12:00:00+01:00,2026-01-31 06:00:00+00:00,2,115.0,378.59044828910316,379,champion,healthy,15682f6be018f30297392bda75887a3f89bd48268bc00c1bdda73340408ebba7,f3c7998026261a2e1726c7131e72a648f23038f537348645bc030b37f33009c8,29fe462d72acc526a154415b00881baaba6dd59ad3d1cb74c34b9effa46c5596,406.0,390.0,445.0
4799756a8f9dda34299801a613f6175124e06094ed475bb920a77c5e1ee8ca60,2026-01-26T12:00:00+01:00,2026-01-31 06:00:00+00:00,3,115.0,525.9508882951515,526,champion,healthy,15682f6be018f30297392bda75887a3f89bd48268bc00c1bdda73340408ebba7,f3c7998026261a2e1726c7131e72a648f23038f537348645bc030b37f33009c8,29fe462d72acc526a154415b00881baaba6dd59ad3d1cb74c34b9effa46c5596,454.0,349.0,618.0
4799756a8f9dda34299801a613f6175124e06094ed475bb920a77c5e1ee8ca60,2026-01-26T12:00:00+01:00,2026-01-31 06:00:00+00:00,4,115.0,1198.9125134554452,1199,champion,healthy,15682f6be018f30297392bda75887a3f89bd48268bc00c1bdda73340408ebba7,f3c7998026261a2e1726c7131e72a648f23038f537348645bc030b37f33009c8,29fe462d72acc526a154415b00881baaba6dd59ad3d1cb74c34b9effa46c5596,1571.0,977.0,1310.5
4799756a8f9dda34299801a613f6175124e06094ed475bb920a77c5e1ee8ca60,2026-01-26T12:00:00+01:00,2026-01-31 06:00:00+00:00,5,115.0,1538.6186433344506,1539,champion,healthy,15682f6be018f30297392bda75887a3f89bd48268bc00c1bdda73340408ebba7,f3c7998026261a2e1726c7131e72a648f23038f537348645bc030b37f33009c8,29fe462d72acc526a154415b00881baaba6dd59ad3d1cb74c34b9effa46c5596,1165.0,1556.0,1426.5
4799756a8f9dda34299801a613f6175124e06094ed475bb920a77c5e1ee8ca60,2026-01-26T12:00:00+01:00,2026-01-31 06:00:00+00:00,6,115.0,1681.6863674362867,1682,champion,healthy,15682f6be018f30297392bda75887a3f89bd48268bc00c1bdda73340408ebba7,f3c7998026261a2e1726c7131e72a648f23038f537348645bc030b37f33009c8,29fe462d72acc526a154415b00881baaba6dd59ad3d1cb74c34b9effa46c5596,1980.0,1427.0,1704.5
4799756a8f9dda34299801a613f6175124e06094ed475bb920a77c5e1ee8ca60,2026-01-26T12:00:00+01:00,2026-01-31 06:00:00+00:00,7,115.0,99.25857726766276,99,champion,healthy,15682f6be018f30297392bda75887a3f89bd48268bc00c1bdda73340408ebba7,f3c7998026261a2e1726c7131e72a648f23038f537348645bc030b37f33009c8,29fe462d72acc526a154415b00881baaba6dd59ad3d1cb74c34b9effa46c5596,117.0,129.0,121.0
4799756a8f9dda34299801a613f6175124e06094ed475bb920a77c5e1ee8ca60,2026-01-26T12:00:00+01:00,2026-01-31 06:00:00+00:00,8,115.0,420.23540450109954,420,champion,healthy,15682f6be018f30297392bda75887a3f89bd48268bc00c1bdda73340408ebba7,f3c7998026261a2e1726c7131e72a648f23038f537348645bc030b37f33009c8,29fe462d72acc526a154415b00881baaba6dd59ad3d1cb74c34b9effa46c5596,,475.0,523.5
4799756a8f9dda34299801a613f6175124e06094ed475bb920a77c5e1ee8ca60,2026-01-26T12:00:00+01:00,2026-01-31 06:00:00+00:00,9,115.0,552.4982970242344,552,champion,healthy,15682f6be018f30297392bda75887a3f89bd48268bc00c1bdda73340408ebba7,f3c7998026261a2e1726c7131e72a648f23038f537348645bc030b37f33009c8,29fe462d72acc526a154415b00881baaba6dd59ad3d1cb74c34b9effa46c5596,480.0,250.0,533.0
4799756a8f9dda34299801a613f6175124e06094ed475bb920a77c5e1ee8ca60,2026-01-26T12:00:00+01:00,2026-01-31 07:00:00+00:00,1,116.0,3240.946546085158,3241,champion,healthy,15682f6be018f30297392bda75887a3f89bd48268bc00c1bdda73340408ebba7,f3c7998026261a2e1726c7131e72a648f23038f537348645bc030b37f33009c8,29fe462d72acc526a154415b00881baaba6dd59ad3d1cb74c34b9effa46c5596,3548.0,2944.0,3651.5
4799756a8f9dda34299801a613f6175124e06094ed475bb920a77c5e1ee8ca60,2026-01-26T12:00:00+01:00,2026-01-31 07:00:00+00:00,10,116.0,2103.8033902947222,2104,champion,healthy,15682f6be018f30297392bda75887a3f89bd48268bc00c1bdda73340408ebba7,f3c7998026261a2e1726c7131e72a648f23038f537348645bc030b37f33009c8,29fe462d72acc526a154415b00881baaba6dd59ad3d1cb74c34b9effa46c5596,2322.0,1918.0,2098.0
4799756a8f9dda34299801a613f6175124e06094ed475bb920a77c5e1ee8ca60,2026-01-26T12:00:00+01:00,2026-01-31 07:00:00+00:00,2,116.0,336.84113085125875,337,champion,healthy,15682f6be018f30297392bda75887a3f89bd48268bc00c1bdda73340408ebba7,f3c7998026261a2e1726c7131e72a648f23038f537348645bc030b37f33009c8,29fe462d72acc526a154415b00881baaba6dd59ad3d1cb74c34b9effa46c5596,376.0,370.0,403.0
4799756a8f9dda34299801a613f6175124e06094ed475bb920a77c5e1ee8ca60,2026-01-26T12:00:00+01:00,2026-01-31 07:00:00+00:00,3,116.0,646.7440646765907,647,champion,healthy,15682f6be018f30297392bda75887a3f89bd48268bc00c1bdda73340408ebba7,f3c7998026261a2e1726c7131e72a648f23038f537348645bc030b37f33009c8,29fe462d72acc526a154415b00881baaba6dd59ad3d1cb74c34b9effa46c5596,642.0,603.0,730.0
4799756a8f9dda34299801a613f6175124e06094ed475bb920a77c5e1ee8ca60,2026-01-26T12:00:00+01:00,2026-01-31 07:00:00+00:00,4,116.0,1747.3501995457696,1747,champion,healthy,15682f6be018f30297392bda75887a3f89bd48268bc00c1bdda73340408ebba7,f3c7998026261a2e1726c7131e72a648f23038f537348645bc030b37f33009c8,29fe462d72acc526a154415b00881baaba6dd59ad3d1cb74c34b9effa46c5596,1424.0,1985.0,1869.0
4799756a8f9dda34299801a613f6175124e06094ed475bb920a77c5e1ee8ca60,2026-01-26T12:00:00+01:00,2026-01-31 07:00:00+00:00,5,116.0,1288.16509307049,1288,champion,healthy,15682f6be018f30297392bda75887a3f89bd48268bc00c1bdda73340408ebba7,f3c7998026261a2e1726c7131e72a648f23038f537348645bc030b37f33009c8,29fe462d72acc526a154415b00881baaba6dd59ad3d1cb74c34b9effa46c5596,1223.0,1095.0,1348.0
4799756a8f9dda34299801a613f6175124e06094ed475bb920a77c5e1ee8ca60,2026-01-26T12:00:00+01:00,2026-01-31 07:00:00+00:00,6,116.0,2720.0843330747,2720,champion,healthy,15682f6be018f30297392bda75887a3f89bd48268bc00c1bdda73340408ebba7,f3c7998026261a2e1726c7131e72a648f23038f537348645bc030b37f33009c8,29fe462d72acc526a154415b00881baaba6dd59ad3d1cb74c34b9effa46c5596,2385.0,2687.0,2682.0
4799756a8f9dda34299801a613f6175124e06094ed475bb920a77c5e1ee8ca60,2026-01-26T12:00:00+01:00,2026-01-31 07:00:00+00:00,7,116.0,128.23179819828374,128,champion,healthy,15682f6be018f30297392bda75887a3f89bd48268bc00c1bdda73340408ebba7,f3c7998026261a2e1726c7131e72a648f23038f537348645bc030b37f33009c8,29fe462d72acc526a154415b00881baaba6dd59ad3d1cb74c34b9effa46c5596,176.0,211.0,168.0
4799756a8f9dda34299801a613f6175124e06094ed475bb920a77c5e1ee8ca60,2026-01-26T12:00:00+01:00,2026-01-31 07:00:00+00:00,8,116.0,493.25573271737426,493,champion,healthy,15682f6be018f30297392bda75887a3f89bd48268bc00c1bdda73340408ebba7,f3c7998026261a2e1726c7131e72a648f23038f537348645bc030b37f33009c8,29fe462d72acc526a154415b00881baaba6dd59ad3d1cb74c34b9effa46c5596,523.0,425.0,628.0
4799756a8f9dda34299801a613f6175124e06094ed475bb920a77c5e1ee8ca60,2026-01-26T12:00:00+01:00,2026-01-31 07:00:00+00:00,9,116.0,924.9865354940234,925,champion,healthy,15682f6be018f30297392bda75887a3f89bd48268bc00c1bdda73340408ebba7,f3c7998026261a2e1726c7131e72a648f23038f537348645bc030b37f33009c8,29fe462d72acc526a154415b00881baaba6dd59ad3d1cb74c34b9effa46c5596,950.0,1117.0,797.0
4799756a8f9dda34299801a613f6175124e06094ed475bb920a77c5e1ee8ca60,2026-01-26T12:00:00+01:00,2026-01-31 08:00:00+00:00,1,117.0,2035.6836319550048,2036,champion,healthy,15682f6be018f30297392bda75887a3f89bd48268bc00c1bdda73340408ebba7,f3c7998026261a2e1726c7131e72a648f23038f537348645bc030b37f33009c8,29fe462d72acc526a154415b00881baaba6dd59ad3d1cb74c34b9effa46c5596,2282.0,2087.0,2639.0
4799756a8f9dda34299801a613f6175124e06094ed475bb920a77c5e1ee8ca60,2026-01-26T12:00:00+01:00,2026-01-31 08:00:00+00:00,10,117.0,2434.210008434946,2434,champion,healthy,15682f6be018f30297392bda75887a3f89bd48268bc00c1bdda73340408ebba7,f3c7998026261a2e1726c7131e72a648f23038f537348645bc030b37f33009c8,29fe462d72acc526a154415b00881baaba6dd59ad3d1cb74c34b9effa46c5596,2739.0,2804.0,2463.0
4799756a8f9dda34299801a613f6175124e06094ed475bb920a77c5e1ee8ca60,2026-01-26T12:00:00+01:00,2026-01-31 08:00:00+00:00,2,117.0,252.14662134439845,252,champion,healthy,15682f6be018f30297392bda75887a3f89bd48268bc00c1bdda73340408ebba7,f3c7998026261a2e1726c7131e72a648f23038f537348645bc030b37f33009c8,29fe462d72acc526a154415b00881baaba6dd59ad3d1cb74c34b9effa46c5596,248.0,326.0,288.5
4799756a8f9dda34299801a613f6175124e06094ed475bb920a77c5e1ee8ca60,2026-01-26T12:00:00+01:00,2026-01-31 08:00:00+00:00,3,117.0,572.3213316441141,572,champion,healthy,15682f6be018f30297392bda75887a3f89bd48268bc00c1bdda73340408ebba7,f3c7998026261a2e1726c7131e72a648f23038f537348645bc030b37f33009c8,29fe462d72acc526a154415b00881baaba6dd59ad3d1cb74c34b9effa46c5596,613.0,581.0,670.0
4799756a8f9dda34299801a613f6175124e06094ed475bb920a77c5e1ee8ca60,2026-01-26T12:00:00+01:00,2026-01-31 08:00:00+00:00,4,117.0,1316.2740222384723,1316,champion,healthy,15682f6be018f30297392bda75887a3f89bd48268bc00c1bdda73340408ebba7,f3c7998026261a2e1726c7131e72a648f23038f537348645bc030b37f33009c8,29fe462d72acc526a154415b00881baaba6dd59ad3d1cb74c34b9effa46c5596,1579.0,991.0,1489.0
4799756a8f9dda34299801a613f6175124e06094ed475bb920a77c5e1ee8ca60,2026-01-26T12:00:00+01:00,2026-01-31 08:00:00+00:00,5,117.0,1068.3385555137725,1068,champion,healthy,15682f6be018f30297392bda75887a3f89bd48268bc00c1bdda73340408ebba7,f3c7998026261a2e1726c7131e72a648f23038f537348645bc030b37f33009c8,29fe462d72acc526a154415b00881baaba6dd59ad3d1cb74c34b9effa46c5596,1009.0,1209.0,1083.0
4799756a8f9dda34299801a613f6175124e06094ed475bb920a77c5e1ee8ca60,2026-01-26T12:00:00+01:00,2026-01-31 08:00:00+00:00,6,117.0,2953.2738641917203,2953,champion,healthy,15682f6be018f30297392bda75887a3f89bd48268bc00c1bdda73340408ebba7,f3c7998026261a2e1726c7131e72a648f23038f537348645bc030b37f33009c8,29fe462d72acc526a154415b00881baaba6dd59ad3d1cb74c34b9effa46c5596,3140.0,3049.0,3014.5
4799756a8f9dda34299801a613f6175124e06094ed475bb920a77c5e1ee8ca60,2026-01-26T12:00:00+01:00,2026-01-31 08:00:00+00:00,7,117.0,111.0830453627243,111,champion,healthy,15682f6be018f30297392bda75887a3f89bd48268bc00c1bdda73340408ebba7,f3c7998026261a2e1726c7131e72a648f23038f537348645bc030b37f33009c8,29fe462d72acc526a154415b00881baaba6dd59ad3d1cb74c34b9effa46c5596,136.0,123.0,133.0
4799756a8f9dda34299801a613f6175124e06094ed475bb920a77c5e1ee8ca60,2026-01-26T12:00:00+01:00,2026-01-31 08:00:00+00:00,8,117.0,463.2644382643281,463,champion,healthy,15682f6be018f30297392bda75887a3f89bd48268bc00c1bdda73340408ebba7,f3c7998026261a2e1726c7131e72a648f23038f537348645bc030b37f33009c8,29fe462d72acc526a154415b00881baaba6dd59ad3d1cb74c34b9effa46c5596,478.0,456.0,546.0
4799756a8f9dda34299801a613f6175124e06094ed475bb920a77c5e1ee8ca60,2026-01-26T12:00:00+01:00,2026-01-31 08:00:00+00:00,9,117.0,943.8461367279433,944,champion,healthy,15682f6be018f30297392bda75887a3f89bd48268bc00c1bdda73340408ebba7,f3c7998026261a2e1726c7131e72a648f23038f537348645bc030b37f33009c8,29fe462d72acc526a154415b00881baaba6dd59ad3d1cb74c34b9effa46c5596,747.0,1026.0,959.0
4799756a8f9dda34299801a613f6175124e06094ed475bb920a77c5e1ee8ca60,2026-01-26T12:00:00+01:00,2026-01-31 09:00:00+00:00,1,118.0,1648.6759645766258,1649,champion,healthy,15682f6be018f30297392bda75887a3f89bd48268bc00c1bdda73340408ebba7,f3c7998026261a2e1726c7131e72a648f23038f537348645bc030b37f33009c8,29fe462d72acc526a154415b00881baaba6dd59ad3d1cb74c34b9effa46c5596,1397.0,2074.0,1914.5
4799756a8f9dda34299801a613f6175124e06094ed475bb920a77c5e1ee8ca60,2026-01-26T12:00:00+01:00,2026-01-31 09:00:00+00:00,10,118.0,2353.8515493994537,2354,champion,healthy,15682f6be018f30297392bda75887a3f89bd48268bc00c1bdda73340408ebba7,f3c7998026261a2e1726c7131e72a648f23038f537348645bc030b37f33009c8,29fe462d72acc526a154415b00881baaba6dd59ad3d1cb74c34b9effa46c5596,2122.0,2241.0,2241.0
4799756a8f9dda34299801a613f6175124e06094ed475bb920a77c5e1ee8ca60,2026-01-26T12:00:00+01:00,2026-01-31 09:00:00+00:00,2,118.0,213.5611211774176,214,champion,healthy,15682f6be018f30297392bda75887a3f89bd48268bc00c1bdda73340408ebba7,f3c7998026261a2e1726c7131e72a648f23038f537348645bc030b37f33009c8,29fe462d72acc526a154415b00881baaba6dd59ad3d1cb74c34b9effa46c5596,163.0,199.0,243.0
4799756a8f9dda34299801a613f6175124e06094ed475bb920a77c5e1ee8ca60,2026-01-26T12:00:00+01:00,2026-01-31 09:00:00+00:00,3,118.0,430.58080435223553,431,champion,healthy,15682f6be018f30297392bda75887a3f89bd48268bc00c1bdda73340408ebba7,f3c7998026261a2e1726c7131e72a648f23038f537348645bc030b37f33009c8,29fe462d72acc526a154415b00881baaba6dd59ad3d1cb74c34b9effa46c5596,397.0,427.0,496.0
4799756a8f9dda34299801a613f6175124e06094ed475bb920a77c5e1ee8ca60,2026-01-26T12:00:00+01:00,2026-01-31 09:00:00+00:00,4,118.0,766.1353171714645,766,champion,healthy,15682f6be018f30297392bda75887a3f89bd48268bc00c1bdda73340408ebba7,f3c7998026261a2e1726c7131e72a648f23038f537348645bc030b37f33009c8,29fe462d72acc526a154415b00881baaba6dd59ad3d1cb74c34b9effa46c5596,1088.0,476.0,941.0
4799756a8f9dda34299801a613f6175124e06094ed475bb920a77c5e1ee8ca60,2026-01-26T12:00:00+01:00,2026-01-31 09:00:00+00:00,5,118.0,898.3222583738878,898,champion,healthy,15682f6be018f30297392bda75887a3f89bd48268bc00c1bdda73340408ebba7,f3c7998026261a2e1726c7131e72a648f23038f537348645bc030b37f33009c8,29fe462d72acc526a154415b00881baaba6dd59ad3d1cb74c34b9effa46c5596,1074.0,1076.0,864.5
4799756a8f9dda34299801a613f6175124e06094ed475bb920a77c5e1ee8ca60,2026-01-26T12:00:00+01:00,2026-01-31 09:00:00+00:00,6,118.0,2630.2804467129076,2630,champion,healthy,15682f6be018f30297392bda75887a3f89bd48268bc00c1bdda73340408ebba7,f3c7998026261a2e1726c7131e72a648f23038f537348645bc030b37f33009c8,29fe462d72acc526a154415b00881baaba6dd59ad3d1cb74c34b9effa46c5596,2770.0,2906.0,2772.5
4799756a8f9dda34299801a613f6175124e06094ed475bb920a77c5e1ee8ca60,2026-01-26T12:00:00+01:00,2026-01-31 09:00:00+00:00,7,118.0,58.80511281588656,59,champion,healthy,15682f6be018f30297392bda75887a3f89bd48268bc00c1bdda73340408ebba7,f3c7998026261a2e1726c7131e72a648f23038f537348645bc030b37f33009c8,29fe462d72acc526a154415b00881baaba6dd59ad3d1cb74c34b9effa46c5596,98.0,71.0,85.0
4799756a8f9dda34299801a613f6175124e06094ed475bb920a77c5e1ee8ca60,2026-01-26T12:00:00+01:00,2026-01-31 09:00:00+00:00,8,118.0,335.9870996491554,336,champion,healthy,15682f6be018f30297392bda75887a3f89bd48268bc00c1bdda73340408ebba7,f3c7998026261a2e1726c7131e72a648f23038f537348645bc030b37f33009c8,29fe462d72acc526a154415b00881baaba6dd59ad3d1cb74c34b9effa46c5596,277.0,383.0,385.0
4799756a8f9dda34299801a613f6175124e06094ed475bb920a77c5e1ee8ca60,2026-01-26T12:00:00+01:00,2026-01-31 09:00:00+00:00,9,118.0,866.0443248049364,866,champion,healthy,15682f6be018f30297392bda75887a3f89bd48268bc00c1bdda73340408ebba7,f3c7998026261a2e1726c7131e72a648f23038f537348645bc030b37f33009c8,29fe462d72acc526a154415b00881baaba6dd59ad3d1cb74c34b9effa46c5596,1018.0,825.0,852.0
4799756a8f9dda34299801a613f6175124e06094ed475bb920a77c5e1ee8ca60,2026-01-26T12:00:00+01:00,2026-01-31 10:00:00+00:00,1,119.0,1498.3165827504795,1498,champion,healthy,15682f6be018f30297392bda75887a3f89bd48268bc00c1bdda73340408ebba7,f3c7998026261a2e1726c7131e72a648f23038f537348645bc030b37f33009c8,29fe462d72acc526a154415b00881baaba6dd59ad3d1cb74c34b9effa46c5596,1400.0,2018.0,1544.0
4799756a8f9dda34299801a613f6175124e06094ed475bb920a77c5e1ee8ca60,2026-01-26T12:00:00+01:00,2026-01-31 10:00:00+00:00,10,119.0,1696.4961338328144,1696,champion,healthy,15682f6be018f30297392bda75887a3f89bd48268bc00c1bdda73340408ebba7,f3c7998026261a2e1726c7131e72a648f23038f537348645bc030b37f33009c8,29fe462d72acc526a154415b00881baaba6dd59ad3d1cb74c34b9effa46c5596,1281.0,1588.0,1762.0
4799756a8f9dda34299801a613f6175124e06094ed475bb920a77c5e1ee8ca60,2026-01-26T12:00:00+01:00,2026-01-31 10:00:00+00:00,2,119.0,189.40855289601063,189,champion,healthy,15682f6be018f30297392bda75887a3f89bd48268bc00c1bdda73340408ebba7,f3c7998026261a2e1726c7131e72a648f23038f537348645bc030b37f33009c8,29fe462d72acc526a154415b00881baaba6dd59ad3d1cb74c34b9effa46c5596,167.0,197.0,221.0
4799756a8f9dda34299801a613f6175124e06094ed475bb920a77c5e1ee8ca60,2026-01-26T12:00:00+01:00,2026-01-31 10:00:00+00:00,3,119.0,377.13392822123683,377,champion,healthy,15682f6be018f30297392bda75887a3f89bd48268bc00c1bdda73340408ebba7,f3c7998026261a2e1726c7131e72a648f23038f537348645bc030b37f33009c8,29fe462d72acc526a154415b00881baaba6dd59ad3d1cb74c34b9effa46c5596,455.0,420.0,388.0
4799756a8f9dda34299801a613f6175124e06094ed475bb920a77c5e1ee8ca60,2026-01-26T12:00:00+01:00,2026-01-31 10:00:00+00:00,4,119.0,694.9854689872932,695,champion,healthy,15682f6be018f30297392bda75887a3f89bd48268bc00c1bdda73340408ebba7,f3c7998026261a2e1726c7131e72a648f23038f537348645bc030b37f33009c8,29fe462d72acc526a154415b00881baaba6dd59ad3d1cb74c34b9effa46c5596,729.0,753.0,750.5
4799756a8f9dda34299801a613f6175124e06094ed475bb920a77c5e1ee8ca60,2026-01-26T12:00:00+01:00,2026-01-31 10:00:00+00:00,5,119.0,730.3559888665652,730,champion,healthy,15682f6be018f30297392bda75887a3f89bd48268bc00c1bdda73340408ebba7,f3c7998026261a2e1726c7131e72a648f23038f537348645bc030b37f33009c8,29fe462d72acc526a154415b00881baaba6dd59ad3d1cb74c34b9effa46c5596,836.0,659.0,768.0
4799756a8f9dda34299801a613f6175124e06094ed475bb920a77c5e1ee8ca60,2026-01-26T12:00:00+01:00,2026-01-31 10:00:00+00:00,6,119.0,1882.9265746248243,1883,champion,healthy,15682f6be018f30297392bda75887a3f89bd48268bc00c1bdda73340408ebba7,f3c7998026261a2e1726c7131e72a648f23038f537348645bc030b37f33009c8,29fe462d72acc526a154415b00881baaba6dd59ad3d1cb74c34b9effa46c5596,1767.0,1886.0,2043.5
4799756a8f9dda34299801a613f6175124e06094ed475bb920a77c5e1ee8ca60,2026-01-26T12:00:00+01:00,2026-01-31 10:00:00+00:00,7,119.0,54.5304854398687,55,champion,healthy,15682f6be018f30297392bda75887a3f89bd48268bc00c1bdda73340408ebba7,f3c7998026261a2e1726c7131e72a648f23038f537348645bc030b37f33009c8,29fe462d72acc526a154415b00881baaba6dd59ad3d1cb74c34b9effa46c5596,60.0,90.0,74.0
4799756a8f9dda34299801a613f6175124e06094ed475bb920a77c5e1ee8ca60,2026-01-26T12:00:00+01:00,2026-01-31 10:00:00+00:00,8,119.0,210.97364846276446,211,champion,healthy,15682f6be018f30297392bda75887a3f89bd48268bc00c1bdda73340408ebba7,f3c7998026261a2e1726c7131e72a648f23038f537348645bc030b37f33009c8,29fe462d72acc526a154415b00881baaba6dd59ad3d1cb74c34b9effa46c5596,241.0,180.0,269.0
4799756a8f9dda34299801a613f6175124e06094ed475bb920a77c5e1ee8ca60,2026-01-26T12:00:00+01:00,2026-01-31 10:00:00+00:00,9,119.0,732.0711581475691,732,champion,healthy,15682f6be018f30297392bda75887a3f89bd48268bc00c1bdda73340408ebba7,f3c7998026261a2e1726c7131e72a648f23038f537348645bc030b37f33009c8,29fe462d72acc526a154415b00881baaba6dd59ad3d1cb74c34b9effa46c5596,640.0,873.0,644.0
4799756a8f9dda34299801a613f6175124e06094ed475bb920a77c5e1ee8ca60,2026-01-26T12:00:00+01:00,2026-01-31 11:00:00+00:00,1,120.0,1276.04273774798,1276,champion,healthy,15682f6be018f30297392bda75887a3f89bd48268bc00c1bdda73340408ebba7,f3c7998026261a2e1726c7131e72a648f23038f537348645bc030b37f33009c8,29fe462d72acc526a154415b00881baaba6dd59ad3d1cb74c34b9effa46c5596,1487.0,1126.0,1523.0
4799756a8f9dda34299801a613f6175124e06094ed475bb920a77c5e1ee8ca60,2026-01-26T12:00:00+01:00,2026-01-31 11:00:00+00:00,10,120.0,1429.5285725322904,1430,champion,healthy,15682f6be018f30297392bda75887a3f89bd48268bc00c1bdda73340408ebba7,f3c7998026261a2e1726c7131e72a648f23038f537348645bc030b37f33009c8,29fe462d72acc526a154415b00881baaba6dd59ad3d1cb74c34b9effa46c5596,1324.0,1795.0,1433.0
4799756a8f9dda34299801a613f6175124e06094ed475bb920a77c5e1ee8ca60,2026-01-26T12:00:00+01:00,2026-01-31 11:00:00+00:00,2,120.0,176.12726888098427,176,champion,healthy,15682f6be018f30297392bda75887a3f89bd48268bc00c1bdda73340408ebba7,f3c7998026261a2e1726c7131e72a648f23038f537348645bc030b37f33009c8,29fe462d72acc526a154415b00881baaba6dd59ad3d1cb74c34b9effa46c5596,113.0,173.0,206.0
4799756a8f9dda34299801a613f6175124e06094ed475bb920a77c5e1ee8ca60,2026-01-26T12:00:00+01:00,2026-01-31 11:00:00+00:00,3,120.0,317.32710923385434,317,champion,healthy,15682f6be018f30297392bda75887a3f89bd48268bc00c1bdda73340408ebba7,f3c7998026261a2e1726c7131e72a648f23038f537348645bc030b37f33009c8,29fe462d72acc526a154415b00881baaba6dd59ad3d1cb74c34b9effa46c5596,328.0,436.0,367.5
4799756a8f9dda34299801a613f6175124e06094ed475bb920a77c5e1ee8ca60,2026-01-26T12:00:00+01:00,2026-01-31 11:00:00+00:00,4,120.0,668.1296430296524,668,champion,healthy,15682f6be018f30297392bda75887a3f89bd48268bc00c1bdda73340408ebba7,f3c7998026261a2e1726c7131e72a648f23038f537348645bc030b37f33009c8,29fe462d72acc526a154415b00881baaba6dd59ad3d1cb74c34b9effa46c5596,365.0,888.0,700.0
4799756a8f9dda34299801a613f6175124e06094ed475bb920a77c5e1ee8ca60,2026-01-26T12:00:00+01:00,2026-01-31 11:00:00+00:00,5,120.0,726.3466309907174,726,champion,healthy,15682f6be018f30297392bda75887a3f89bd48268bc00c1bdda73340408ebba7,f3c7998026261a2e1726c7131e72a648f23038f537348645bc030b37f33009c8,29fe462d72acc526a154415b00881baaba6dd59ad3d1cb74c34b9effa46c5596,755.0,745.0,704.0
4799756a8f9dda34299801a613f6175124e06094ed475bb920a77c5e1ee8ca60,2026-01-26T12:00:00+01:00,2026-01-31 11:00:00+00:00,6,120.0,1610.3786113636966,1610,champion,healthy,15682f6be018f30297392bda75887a3f89bd48268bc00c1bdda73340408ebba7,f3c7998026261a2e1726c7131e72a648f23038f537348645bc030b37f33009c8,29fe462d72acc526a154415b00881baaba6dd59ad3d1cb74c34b9effa46c5596,1983.0,1287.0,1555.0
4799756a8f9dda34299801a613f6175124e06094ed475bb920a77c5e1ee8ca60,2026-01-26T12:00:00+01:00,2026-01-31 11:00:00+00:00,7,120.0,56.79054918274778,57,champion,healthy,15682f6be018f30297392bda75887a3f89bd48268bc00c1bdda73340408ebba7,f3c7998026261a2e1726c7131e72a648f23038f537348645bc030b37f33009c8,29fe462d72acc526a154415b00881baaba6dd59ad3d1cb74c34b9effa46c5596,78.0,90.0,72.0
4799756a8f9dda34299801a613f6175124e06094ed475bb920a77c5e1ee8ca60,2026-01-26T12:00:00+01:00,2026-01-31 11:00:00+00:00,8,120.0,192.20952685507837,192,champion,healthy,15682f6be018f30297392bda75887a3f89bd48268bc00c1bdda73340408ebba7,f3c7998026261a2e1726c7131e72a648f23038f537348645bc030b37f33009c8,29fe462d72acc526a154415b00881baaba6dd59ad3d1cb74c34b9effa46c5596,214.0,275.0,253.0
4799756a8f9dda34299801a613f6175124e06094ed475bb920a77c5e1ee8ca60,2026-01-26T12:00:00+01:00,2026-01-31 11:00:00+00:00,9,120.0,451.48545030217076,451,champion,healthy,15682f6be018f30297392bda75887a3f89bd48268bc00c1bdda73340408ebba7,f3c7998026261a2e1726c7131e72a648f23038f537348645bc030b37f33009c8,29fe462d72acc526a154415b00881baaba6dd59ad3d1cb74c34b9effa46c5596,593.0,332.0,472.0
4799756a8f9dda34299801a613f6175124e06094ed475bb920a77c5e1ee8ca60,2026-01-26T12:00:00+01:00,2026-02-01 06:00:00+00:00,1,139.0,2543.9048115756996,2544,champion,healthy,15682f6be018f30297392bda75887a3f89bd48268bc00c1bdda73340408ebba7,f3c7998026261a2e1726c7131e72a648f23038f537348645bc030b37f33009c8,29fe462d72acc526a154415b00881baaba6dd59ad3d1cb74c34b9effa46c5596,3108.0,2580.0,2808.0
4799756a8f9dda34299801a613f6175124e06094ed475bb920a77c5e1ee8ca60,2026-01-26T12:00:00+01:00,2026-02-01 06:00:00+00:00,10,139.0,1590.4673387449825,1590,champion,healthy,15682f6be018f30297392bda75887a3f89bd48268bc00c1bdda73340408ebba7,f3c7998026261a2e1726c7131e72a648f23038f537348645bc030b37f33009c8,29fe462d72acc526a154415b00881baaba6dd59ad3d1cb74c34b9effa46c5596,1586.0,1826.0,1627.0
4799756a8f9dda34299801a613f6175124e06094ed475bb920a77c5e1ee8ca60,2026-01-26T12:00:00+01:00,2026-02-01 06:00:00+00:00,2,139.0,456.7068322770099,457,champion,healthy,15682f6be018f30297392bda75887a3f89bd48268bc00c1bdda73340408ebba7,f3c7998026261a2e1726c7131e72a648f23038f537348645bc030b37f33009c8,29fe462d72acc526a154415b00881baaba6dd59ad3d1cb74c34b9effa46c5596,525.0,451.0,539.0
4799756a8f9dda34299801a613f6175124e06094ed475bb920a77c5e1ee8ca60,2026-01-26T12:00:00+01:00,2026-02-01 06:00:00+00:00,3,139.0,639.0826467684948,639,champion,healthy,15682f6be018f30297392bda75887a3f89bd48268bc00c1bdda73340408ebba7,f3c7998026261a2e1726c7131e72a648f23038f537348645bc030b37f33009c8,29fe462d72acc526a154415b00881baaba6dd59ad3d1cb74c34b9effa46c5596,506.0,784.0,720.5
4799756a8f9dda34299801a613f6175124e06094ed475bb920a77c5e1ee8ca60,2026-01-26T12:00:00+01:00,2026-02-01 06:00:00+00:00,4,139.0,1488.4090968491855,1488,champion,healthy,15682f6be018f30297392bda75887a3f89bd48268bc00c1bdda73340408ebba7,f3c7998026261a2e1726c7131e72a648f23038f537348645bc030b37f33009c8,29fe462d72acc526a154415b00881baaba6dd59ad3d1cb74c34b9effa46c5596,1321.0,1541.0,1630.0
4799756a8f9dda34299801a613f6175124e06094ed475bb920a77c5e1ee8ca60,2026-01-26T12:00:00+01:00,2026-02-01 06:00:00+00:00,5,139.0,889.7629243289623,890,champion,healthy,15682f6be018f30297392bda75887a3f89bd48268bc00c1bdda73340408ebba7,f3c7998026261a2e1726c7131e72a648f23038f537348645bc030b37f33009c8,29fe462d72acc526a154415b00881baaba6dd59ad3d1cb74c34b9effa46c5596,1095.0,933.0,941.0
4799756a8f9dda34299801a613f6175124e06094ed475bb920a77c5e1ee8ca60,2026-01-26T12:00:00+01:00,2026-02-01 06:00:00+00:00,6,139.0,1139.4636192337605,1139,champion,healthy,15682f6be018f30297392bda75887a3f89bd48268bc00c1bdda73340408ebba7,f3c7998026261a2e1726c7131e72a648f23038f537348645bc030b37f33009c8,29fe462d72acc526a154415b00881baaba6dd59ad3d1cb74c34b9effa46c5596,1158.0,1084.0,1272.0
4799756a8f9dda34299801a613f6175124e06094ed475bb920a77c5e1ee8ca60,2026-01-26T12:00:00+01:00,2026-02-01 06:00:00+00:00,7,139.0,97.72422399868401,98,champion,healthy,15682f6be018f30297392bda75887a3f89bd48268bc00c1bdda73340408ebba7,f3c7998026261a2e1726c7131e72a648f23038f537348645bc030b37f33009c8,29fe462d72acc526a154415b00881baaba6dd59ad3d1cb74c34b9effa46c5596,69.0,75.0,83.5
4799756a8f9dda34299801a613f6175124e06094ed475bb920a77c5e1ee8ca60,2026-01-26T12:00:00+01:00,2026-02-01 06:00:00+00:00,8,139.0,475.6462758717913,476,champion,healthy,15682f6be018f30297392bda75887a3f89bd48268bc00c1bdda73340408ebba7,f3c7998026261a2e1726c7131e72a648f23038f537348645bc030b37f33009c8,29fe462d72acc526a154415b00881baaba6dd59ad3d1cb74c34b9effa46c5596,407.0,499.0,576.0
4799756a8f9dda34299801a613f6175124e06094ed475bb920a77c5e1ee8ca60,2026-01-26T12:00:00+01:00,2026-02-01 06:00:00+00:00,9,139.0,573.3599371193162,573,champion,healthy,15682f6be018f30297392bda75887a3f89bd48268bc00c1bdda73340408ebba7,f3c7998026261a2e1726c7131e72a648f23038f537348645bc030b37f33009c8,29fe462d72acc526a154415b00881baaba6dd59ad3d1cb74c34b9effa46c5596,194.0,579.0,504.5
4799756a8f9dda34299801a613f6175124e06094ed475bb920a77c5e1ee8ca60,2026-01-26T12:00:00+01:00,2026-02-01 07:00:00+00:00,1,140.0,2165.4751124335608,2165,champion,healthy,15682f6be018f30297392bda75887a3f89bd48268bc00c1bdda73340408ebba7,f3c7998026261a2e1726c7131e72a648f23038f537348645bc030b37f33009c8,29fe462d72acc526a154415b00881baaba6dd59ad3d1cb74c34b9effa46c5596,2158.0,2118.0,2607.5
4799756a8f9dda34299801a613f6175124e06094ed475bb920a77c5e1ee8ca60,2026-01-26T12:00:00+01:00,2026-02-01 07:00:00+00:00,10,140.0,2293.830081948802,2294,champion,healthy,15682f6be018f30297392bda75887a3f89bd48268bc00c1bdda73340408ebba7,f3c7998026261a2e1726c7131e72a648f23038f537348645bc030b37f33009c8,29fe462d72acc526a154415b00881baaba6dd59ad3d1cb74c34b9effa46c5596,2561.0,1687.0,2330.0
4799756a8f9dda34299801a613f6175124e06094ed475bb920a77c5e1ee8ca60,2026-01-26T12:00:00+01:00,2026-02-01 07:00:00+00:00,2,140.0,442.86137017768795,443,champion,healthy,15682f6be018f30297392bda75887a3f89bd48268bc00c1bdda73340408ebba7,f3c7998026261a2e1726c7131e72a648f23038f537348645bc030b37f33009c8,29fe462d72acc526a154415b00881baaba6dd59ad3d1cb74c34b9effa46c5596,415.0,475.0,482.0
4799756a8f9dda34299801a613f6175124e06094ed475bb920a77c5e1ee8ca60,2026-01-26T12:00:00+01:00,2026-02-01 07:00:00+00:00,3,140.0,764.4181552024921,764,champion,healthy,15682f6be018f30297392bda75887a3f89bd48268bc00c1bdda73340408ebba7,f3c7998026261a2e1726c7131e72a648f23038f537348645bc030b37f33009c8,29fe462d72acc526a154415b00881baaba6dd59ad3d1cb74c34b9effa46c5596,745.0,810.0,889.0
4799756a8f9dda34299801a613f6175124e06094ed475bb920a77c5e1ee8ca60,2026-01-26T12:00:00+01:00,2026-02-01 07:00:00+00:00,4,140.0,1961.0536907655544,1961,champion,healthy,15682f6be018f30297392bda75887a3f89bd48268bc00c1bdda73340408ebba7,f3c7998026261a2e1726c7131e72a648f23038f537348645bc030b37f33009c8,29fe462d72acc526a154415b00881baaba6dd59ad3d1cb74c34b9effa46c5596,1845.0,2043.0,2250.0
4799756a8f9dda34299801a613f6175124e06094ed475bb920a77c5e1ee8ca60,2026-01-26T12:00:00+01:00,2026-02-01 07:00:00+00:00,5,140.0,898.0893727545881,898,champion,healthy,15682f6be018f30297392bda75887a3f89bd48268bc00c1bdda73340408ebba7,f3c7998026261a2e1726c7131e72a648f23038f537348645bc030b37f33009c8,29fe462d72acc526a154415b00881baaba6dd59ad3d1cb74c34b9effa46c5596,669.0,976.0,907.5
4799756a8f9dda34299801a613f6175124e06094ed475bb920a77c5e1ee8ca60,2026-01-26T12:00:00+01:00,2026-02-01 07:00:00+00:00,6,140.0,1827.6960314705161,1828,champion,healthy,15682f6be018f30297392bda75887a3f89bd48268bc00c1bdda73340408ebba7,f3c7998026261a2e1726c7131e72a648f23038f537348645bc030b37f33009c8,29fe462d72acc526a154415b00881baaba6dd59ad3d1cb74c34b9effa46c5596,1942.0,1512.0,1842.0
4799756a8f9dda34299801a613f6175124e06094ed475bb920a77c5e1ee8ca60,2026-01-26T12:00:00+01:00,2026-02-01 07:00:00+00:00,7,140.0,118.51895300171645,119,champion,healthy,15682f6be018f30297392bda75887a3f89bd48268bc00c1bdda73340408ebba7,f3c7998026261a2e1726c7131e72a648f23038f537348645bc030b37f33009c8,29fe462d72acc526a154415b00881baaba6dd59ad3d1cb74c34b9effa46c5596,164.0,110.0,112.0
4799756a8f9dda34299801a613f6175124e06094ed475bb920a77c5e1ee8ca60,2026-01-26T12:00:00+01:00,2026-02-01 07:00:00+00:00,8,140.0,605.1664841931605,605,champion,healthy,15682f6be018f30297392bda75887a3f89bd48268bc00c1bdda73340408ebba7,f3c7998026261a2e1726c7131e72a648f23038f537348645bc030b37f33009c8,29fe462d72acc526a154415b00881baaba6dd59ad3d1cb74c34b9effa46c5596,533.0,650.0,719.0
4799756a8f9dda34299801a613f6175124e06094ed475bb920a77c5e1ee8ca60,2026-01-26T12:00:00+01:00,2026-02-01 07:00:00+00:00,9,140.0,797.3063314620539,797,champion,healthy,15682f6be018f30297392bda75887a3f89bd48268bc00c1bdda73340408ebba7,f3c7998026261a2e1726c7131e72a648f23038f537348645bc030b37f33009c8,29fe462d72acc526a154415b00881baaba6dd59ad3d1cb74c34b9effa46c5596,866.0,1003.0,772.0
4799756a8f9dda34299801a613f6175124e06094ed475bb920a77c5e1ee8ca60,2026-01-26T12:00:00+01:00,2026-02-01 08:00:00+00:00,1,141.0,1464.5809128044832,1465,champion,healthy,15682f6be018f30297392bda75887a3f89bd48268bc00c1bdda73340408ebba7,f3c7998026261a2e1726c7131e72a648f23038f537348645bc030b37f33009c8,29fe462d72acc526a154415b00881baaba6dd59ad3d1cb74c34b9effa46c5596,2008.0,1163.0,1823.0
4799756a8f9dda34299801a613f6175124e06094ed475bb920a77c5e1ee8ca60,2026-01-26T12:00:00+01:00,2026-02-01 08:00:00+00:00,10,141.0,2631.857687745087,2632,champion,healthy,15682f6be018f30297392bda75887a3f89bd48268bc00c1bdda73340408ebba7,f3c7998026261a2e1726c7131e72a648f23038f537348645bc030b37f33009c8,29fe462d72acc526a154415b00881baaba6dd59ad3d1cb74c34b9effa46c5596,,2527.0,2780.5
4799756a8f9dda34299801a613f6175124e06094ed475bb920a77c5e1ee8ca60,2026-01-26T12:00:00+01:00,2026-02-01 08:00:00+00:00,2,141.0,288.78029505295353,289,champion,healthy,15682f6be018f30297392bda75887a3f89bd48268bc00c1bdda73340408ebba7,f3c7998026261a2e1726c7131e72a648f23038f537348645bc030b37f33009c8,29fe462d72acc526a154415b00881baaba6dd59ad3d1cb74c34b9effa46c5596,221.0,261.0,339.0
4799756a8f9dda34299801a613f6175124e06094ed475bb920a77c5e1ee8ca60,2026-01-26T12:00:00+01:00,2026-02-01 08:00:00+00:00,3,141.0,677.6216843256789,678,champion,healthy,15682f6be018f30297392bda75887a3f89bd48268bc00c1bdda73340408ebba7,f3c7998026261a2e1726c7131e72a648f23038f537348645bc030b37f33009c8,29fe462d72acc526a154415b00881baaba6dd59ad3d1cb74c34b9effa46c5596,865.0,782.0,798.0
4799756a8f9dda34299801a613f6175124e06094ed475bb920a77c5e1ee8ca60,2026-01-26T12:00:00+01:00,2026-02-01 08:00:00+00:00,4,141.0,1524.0608694353941,1524,champion,healthy,15682f6be018f30297392bda75887a3f89bd48268bc00c1bdda73340408ebba7,f3c7998026261a2e1726c7131e72a648f23038f537348645bc030b37f33009c8,29fe462d72acc526a154415b00881baaba6dd59ad3d1cb74c34b9effa46c5596,1602.0,1624.0,1796.5
4799756a8f9dda34299801a613f6175124e06094ed475bb920a77c5e1ee8ca60,2026-01-26T12:00:00+01:00,2026-02-01 08:00:00+00:00,5,141.0,712.6398329660735,713,champion,healthy,15682f6be018f30297392bda75887a3f89bd48268bc00c1bdda73340408ebba7,f3c7998026261a2e1726c7131e72a648f23038f537348645bc030b37f33009c8,29fe462d72acc526a154415b00881baaba6dd59ad3d1cb74c34b9effa46c5596,799.0,576.0,721.0
4799756a8f9dda34299801a613f6175124e06094ed475bb920a77c5e1ee8ca60,2026-01-26T12:00:00+01:00,2026-02-01 08:00:00+00:00,6,141.0,2212.42489130552,2212,champion,healthy,15682f6be018f30297392bda75887a3f89bd48268bc00c1bdda73340408ebba7,f3c7998026261a2e1726c7131e72a648f23038f537348645bc030b37f33009c8,29fe462d72acc526a154415b00881baaba6dd59ad3d1cb74c34b9effa46c5596,2556.0,2419.0,2287.0
4799756a8f9dda34299801a613f6175124e06094ed475bb920a77c5e1ee8ca60,2026-01-26T12:00:00+01:00,2026-02-01 08:00:00+00:00,7,141.0,105.55466033538687,106,champion,healthy,15682f6be018f30297392bda75887a3f89bd48268bc00c1bdda73340408ebba7,f3c7998026261a2e1726c7131e72a648f23038f537348645bc030b37f33009c8,29fe462d72acc526a154415b00881baaba6dd59ad3d1cb74c34b9effa46c5596,61.0,93.0,91.0
4799756a8f9dda34299801a613f6175124e06094ed475bb920a77c5e1ee8ca60,2026-01-26T12:00:00+01:00,2026-02-01 08:00:00+00:00,8,141.0,516.2529399069923,516,champion,healthy,15682f6be018f30297392bda75887a3f89bd48268bc00c1bdda73340408ebba7,f3c7998026261a2e1726c7131e72a648f23038f537348645bc030b37f33009c8,29fe462d72acc526a154415b00881baaba6dd59ad3d1cb74c34b9effa46c5596,537.0,559.0,606.0
4799756a8f9dda34299801a613f6175124e06094ed475bb920a77c5e1ee8ca60,2026-01-26T12:00:00+01:00,2026-02-01 08:00:00+00:00,9,141.0,993.2422293457189,993,champion,healthy,15682f6be018f30297392bda75887a3f89bd48268bc00c1bdda73340408ebba7,f3c7998026261a2e1726c7131e72a648f23038f537348645bc030b37f33009c8,29fe462d72acc526a154415b00881baaba6dd59ad3d1cb74c34b9effa46c5596,981.0,957.0,911.0
4799756a8f9dda34299801a613f6175124e06094ed475bb920a77c5e1ee8ca60,2026-01-26T12:00:00+01:00,2026-02-01 09:00:00+00:00,1,142.0,1121.4487732755988,1121,champion,healthy,15682f6be018f30297392bda75887a3f89bd48268bc00c1bdda73340408ebba7,f3c7998026261a2e1726c7131e72a648f23038f537348645bc030b37f33009c8,29fe462d72acc526a154415b00881baaba6dd59ad3d1cb74c34b9effa46c5596,938.0,1005.0,1356.5
4799756a8f9dda34299801a613f6175124e06094ed475bb920a77c5e1ee8ca60,2026-01-26T12:00:00+01:00,2026-02-01 09:00:00+00:00,10,142.0,2895.511511892185,2896,champion,healthy,15682f6be018f30297392bda75887a3f89bd48268bc00c1bdda73340408ebba7,f3c7998026261a2e1726c7131e72a648f23038f537348645bc030b37f33009c8,29fe462d72acc526a154415b00881baaba6dd59ad3d1cb74c34b9effa46c5596,2617.0,3504.0,2536.0
4799756a8f9dda34299801a613f6175124e06094ed475bb920a77c5e1ee8ca60,2026-01-26T12:00:00+01:00,2026-02-01 09:00:00+00:00,2,142.0,248.14600341817618,248,champion,healthy,15682f6be018f30297392bda75887a3f89bd48268bc00c1bdda73340408ebba7,f3c7998026261a2e1726c7131e72a648f23038f537348645bc030b37f33009c8,29fe462d72acc526a154415b00881baaba6dd59ad3d1cb74c34b9effa46c5596,256.0,327.0,285.0
4799756a8f9dda34299801a613f6175124e06094ed475bb920a77c5e1ee8ca60,2026-01-26T12:00:00+01:00,2026-02-01 09:00:00+00:00,3,142.0,518.5242076211811,519,champion,healthy,15682f6be018f30297392bda75887a3f89bd48268bc00c1bdda73340408ebba7,f3c7998026261a2e1726c7131e72a648f23038f537348645bc030b37f33009c8,29fe462d72acc526a154415b00881baaba6dd59ad3d1cb74c34b9effa46c5596,280.0,503.0,568.5
4799756a8f9dda34299801a613f6175124e06094ed475bb920a77c5e1ee8ca60,2026-01-26T12:00:00+01:00,2026-02-01 09:00:00+00:00,4,142.0,985.0602175546136,985,champion,healthy,15682f6be018f30297392bda75887a3f89bd48268bc00c1bdda73340408ebba7,f3c7998026261a2e1726c7131e72a648f23038f537348645bc030b37f33009c8,29fe462d72acc526a154415b00881baaba6dd59ad3d1cb74c34b9effa46c5596,1416.0,1198.0,1135.0
4799756a8f9dda34299801a613f6175124e06094ed475bb920a77c5e1ee8ca60,2026-01-26T12:00:00+01:00,2026-02-01 09:00:00+00:00,5,142.0,572.4430537392248,572,champion,healthy,15682f6be018f30297392bda75887a3f89bd48268bc00c1bdda73340408ebba7,f3c7998026261a2e1726c7131e72a648f23038f537348645bc030b37f33009c8,29fe462d72acc526a154415b00881baaba6dd59ad3d1cb74c34b9effa46c5596,870.0,705.0,572.5
4799756a8f9dda34299801a613f6175124e06094ed475bb920a77c5e1ee8ca60,2026-01-26T12:00:00+01:00,2026-02-01 09:00:00+00:00,6,142.0,2160.0084620239295,2160,champion,healthy,15682f6be018f30297392bda75887a3f89bd48268bc00c1bdda73340408ebba7,f3c7998026261a2e1726c7131e72a648f23038f537348645bc030b37f33009c8,29fe462d72acc526a154415b00881baaba6dd59ad3d1cb74c34b9effa46c5596,1795.0,2262.0,2066.0
4799756a8f9dda34299801a613f6175124e06094ed475bb920a77c5e1ee8ca60,2026-01-26T12:00:00+01:00,2026-02-01 09:00:00+00:00,7,142.0,52.65902114461346,53,champion,healthy,15682f6be018f30297392bda75887a3f89bd48268bc00c1bdda73340408ebba7,f3c7998026261a2e1726c7131e72a648f23038f537348645bc030b37f33009c8,29fe462d72acc526a154415b00881baaba6dd59ad3d1cb74c34b9effa46c5596,77.0,55.0,57.0
4799756a8f9dda34299801a613f6175124e06094ed475bb920a77c5e1ee8ca60,2026-01-26T12:00:00+01:00,2026-02-01 09:00:00+00:00,8,142.0,386.9995187812814,387,champion,healthy,15682f6be018f30297392bda75887a3f89bd48268bc00c1bdda73340408ebba7,f3c7998026261a2e1726c7131e72a648f23038f537348645bc030b37f33009c8,29fe462d72acc526a154415b00881baaba6dd59ad3d1cb74c34b9effa46c5596,354.0,401.0,425.0
4799756a8f9dda34299801a613f6175124e06094ed475bb920a77c5e1ee8ca60,2026-01-26T12:00:00+01:00,2026-02-01 09:00:00+00:00,9,142.0,900.5315324408413,901,champion,healthy,15682f6be018f30297392bda75887a3f89bd48268bc00c1bdda73340408ebba7,f3c7998026261a2e1726c7131e72a648f23038f537348645bc030b37f33009c8,29fe462d72acc526a154415b00881baaba6dd59ad3d1cb74c34b9effa46c5596,939.0,880.0,854.5
4799756a8f9dda34299801a613f6175124e06094ed475bb920a77c5e1ee8ca60,2026-01-26T12:00:00+01:00,2026-02-01 10:00:00+00:00,1,143.0,930.4734878875466,930,champion,healthy,15682f6be018f30297392bda75887a3f89bd48268bc00c1bdda73340408ebba7,f3c7998026261a2e1726c7131e72a648f23038f537348645bc030b37f33009c8,29fe462d72acc526a154415b00881baaba6dd59ad3d1cb74c34b9effa46c5596,1088.0,724.0,1147.0
4799756a8f9dda34299801a613f6175124e06094ed475bb920a77c5e1ee8ca60,2026-01-26T12:00:00+01:00,2026-02-01 10:00:00+00:00,10,143.0,1944.901598092361,1945,champion,healthy,15682f6be018f30297392bda75887a3f89bd48268bc00c1bdda73340408ebba7,f3c7998026261a2e1726c7131e72a648f23038f537348645bc030b37f33009c8,29fe462d72acc526a154415b00881baaba6dd59ad3d1cb74c34b9effa46c5596,2630.0,1906.0,1943.0
4799756a8f9dda34299801a613f6175124e06094ed475bb920a77c5e1ee8ca60,2026-01-26T12:00:00+01:00,2026-02-01 10:00:00+00:00,2,143.0,232.86815519221636,233,champion,healthy,15682f6be018f30297392bda75887a3f89bd48268bc00c1bdda73340408ebba7,f3c7998026261a2e1726c7131e72a648f23038f537348645bc030b37f33009c8,29fe462d72acc526a154415b00881baaba6dd59ad3d1cb74c34b9effa46c5596,246.0,188.0,267.0
4799756a8f9dda34299801a613f6175124e06094ed475bb920a77c5e1ee8ca60,2026-01-26T12:00:00+01:00,2026-02-01 10:00:00+00:00,3,143.0,392.48673615147504,392,champion,healthy,15682f6be018f30297392bda75887a3f89bd48268bc00c1bdda73340408ebba7,f3c7998026261a2e1726c7131e72a648f23038f537348645bc030b37f33009c8,29fe462d72acc526a154415b00881baaba6dd59ad3d1cb74c34b9effa46c5596,541.0,265.0,459.5
4799756a8f9dda34299801a613f6175124e06094ed475bb920a77c5e1ee8ca60,2026-01-26T12:00:00+01:00,2026-02-01 10:00:00+00:00,4,143.0,758.7507649668114,759,champion,healthy,15682f6be018f30297392bda75887a3f89bd48268bc00c1bdda73340408ebba7,f3c7998026261a2e1726c7131e72a648f23038f537348645bc030b37f33009c8,29fe462d72acc526a154415b00881baaba6dd59ad3d1cb74c34b9effa46c5596,703.0,926.0,903.0
4799756a8f9dda34299801a613f6175124e06094ed475bb920a77c5e1ee8ca60,2026-01-26T12:00:00+01:00,2026-02-01 10:00:00+00:00,5,143.0,478.7748399324462,479,champion,healthy,15682f6be018f30297392bda75887a3f89bd48268bc00c1bdda73340408ebba7,f3c7998026261a2e1726c7131e72a648f23038f537348645bc030b37f33009c8,29fe462d72acc526a154415b00881baaba6dd59ad3d1cb74c34b9effa46c5596,783.0,518.0,509.5
4799756a8f9dda34299801a613f6175124e06094ed475bb920a77c5e1ee8ca60,2026-01-26T12:00:00+01:00,2026-02-01 10:00:00+00:00,6,143.0,1451.1814806979228,1451,champion,healthy,15682f6be018f30297392bda75887a3f89bd48268bc00c1bdda73340408ebba7,f3c7998026261a2e1726c7131e72a648f23038f537348645bc030b37f33009c8,29fe462d72acc526a154415b00881baaba6dd59ad3d1cb74c34b9effa46c5596,1577.0,1565.0,1515.0
4799756a8f9dda34299801a613f6175124e06094ed475bb920a77c5e1ee8ca60,2026-01-26T12:00:00+01:00,2026-02-01 10:00:00+00:00,7,143.0,44.59851262119105,45,champion,healthy,15682f6be018f30297392bda75887a3f89bd48268bc00c1bdda73340408ebba7,f3c7998026261a2e1726c7131e72a648f23038f537348645bc030b37f33009c8,29fe462d72acc526a154415b00881baaba6dd59ad3d1cb74c34b9effa46c5596,66.0,83.0,50.0
4799756a8f9dda34299801a613f6175124e06094ed475bb920a77c5e1ee8ca60,2026-01-26T12:00:00+01:00,2026-02-01 10:00:00+00:00,8,143.0,237.24627370300095,237,champion,healthy,15682f6be018f30297392bda75887a3f89bd48268bc00c1bdda73340408ebba7,f3c7998026261a2e1726c7131e72a648f23038f537348645bc030b37f33009c8,29fe462d72acc526a154415b00881baaba6dd59ad3d1cb74c34b9effa46c5596,236.0,303.0,319.0
4799756a8f9dda34299801a613f6175124e06094ed475bb920a77c5e1ee8ca60,2026-01-26T12:00:00+01:00,2026-02-01 10:00:00+00:00,9,143.0,669.2555737558812,669,champion,healthy,15682f6be018f30297392bda75887a3f89bd48268bc00c1bdda73340408ebba7,f3c7998026261a2e1726c7131e72a648f23038f537348645bc030b37f33009c8,29fe462d72acc526a154415b00881baaba6dd59ad3d1cb74c34b9effa46c5596,527.0,641.0,620.0
4799756a8f9dda34299801a613f6175124e06094ed475bb920a77c5e1ee8ca60,2026-01-26T12:00:00+01:00,2026-02-01 11:00:00+00:00,1,144.0,924.2744930082597,924,champion,healthy,15682f6be018f30297392bda75887a3f89bd48268bc00c1bdda73340408ebba7,f3c7998026261a2e1726c7131e72a648f23038f537348645bc030b37f33009c8,29fe462d72acc526a154415b00881baaba6dd59ad3d1cb74c34b9effa46c5596,925.0,930.0,1050.0
4799756a8f9dda34299801a613f6175124e06094ed475bb920a77c5e1ee8ca60,2026-01-26T12:00:00+01:00,2026-02-01 11:00:00+00:00,10,144.0,1449.5860122480199,1450,champion,healthy,15682f6be018f30297392bda75887a3f89bd48268bc00c1bdda73340408ebba7,f3c7998026261a2e1726c7131e72a648f23038f537348645bc030b37f33009c8,29fe462d72acc526a154415b00881baaba6dd59ad3d1cb74c34b9effa46c5596,1421.0,914.0,1503.0
4799756a8f9dda34299801a613f6175124e06094ed475bb920a77c5e1ee8ca60,2026-01-26T12:00:00+01:00,2026-02-01 11:00:00+00:00,2,144.0,207.24848840995878,207,champion,healthy,15682f6be018f30297392bda75887a3f89bd48268bc00c1bdda73340408ebba7,f3c7998026261a2e1726c7131e72a648f23038f537348645bc030b37f33009c8,29fe462d72acc526a154415b00881baaba6dd59ad3d1cb74c34b9effa46c5596,239.0,227.0,245.0
4799756a8f9dda34299801a613f6175124e06094ed475bb920a77c5e1ee8ca60,2026-01-26T12:00:00+01:00,2026-02-01 11:00:00+00:00,3,144.0,339.1801468990601,339,champion,healthy,15682f6be018f30297392bda75887a3f89bd48268bc00c1bdda73340408ebba7,f3c7998026261a2e1726c7131e72a648f23038f537348645bc030b37f33009c8,29fe462d72acc526a154415b00881baaba6dd59ad3d1cb74c34b9effa46c5596,471.0,251.0,422.0
4799756a8f9dda34299801a613f6175124e06094ed475bb920a77c5e1ee8ca60,2026-01-26T12:00:00+01:00,2026-02-01 11:00:00+00:00,4,144.0,791.0662578675065,791,champion,healthy,15682f6be018f30297392bda75887a3f89bd48268bc00c1bdda73340408ebba7,f3c7998026261a2e1726c7131e72a648f23038f537348645bc030b37f33009c8,29fe462d72acc526a154415b00881baaba6dd59ad3d1cb74c34b9effa46c5596,649.0,872.0,872.0
4799756a8f9dda34299801a613f6175124e06094ed475bb920a77c5e1ee8ca60,2026-01-26T12:00:00+01:00,2026-02-01 11:00:00+00:00,5,144.0,459.52532970838513,460,champion,healthy,15682f6be018f30297392bda75887a3f89bd48268bc00c1bdda73340408ebba7,f3c7998026261a2e1726c7131e72a648f23038f537348645bc030b37f33009c8,29fe462d72acc526a154415b00881baaba6dd59ad3d1cb74c34b9effa46c5596,286.0,145.0,444.0
4799756a8f9dda34299801a613f6175124e06094ed475bb920a77c5e1ee8ca60,2026-01-26T12:00:00+01:00,2026-02-01 11:00:00+00:00,6,144.0,1092.8702376744527,1093,champion,healthy,15682f6be018f30297392bda75887a3f89bd48268bc00c1bdda73340408ebba7,f3c7998026261a2e1726c7131e72a648f23038f537348645bc030b37f33009c8,29fe462d72acc526a154415b00881baaba6dd59ad3d1cb74c34b9effa46c5596,1173.0,1187.0,1076.0
4799756a8f9dda34299801a613f6175124e06094ed475bb920a77c5e1ee8ca60,2026-01-26T12:00:00+01:00,2026-02-01 11:00:00+00:00,7,144.0,40.39685644093652,40,champion,healthy,15682f6be018f30297392bda75887a3f89bd48268bc00c1bdda73340408ebba7,f3c7998026261a2e1726c7131e72a648f23038f537348645bc030b37f33009c8,29fe462d72acc526a154415b00881baaba6dd59ad3d1cb74c34b9effa46c5596,59.0,53.0,44.0
4799756a8f9dda34299801a613f6175124e06094ed475bb920a77c5e1ee8ca60,2026-01-26T12:00:00+01:00,2026-02-01 11:00:00+00:00,8,144.0,210.4245643936597,210,champion,healthy,15682f6be018f30297392bda75887a3f89bd48268bc00c1bdda73340408ebba7,f3c7998026261a2e1726c7131e72a648f23038f537348645bc030b37f33009c8,29fe462d72acc526a154415b00881baaba6dd59ad3d1cb74c34b9effa46c5596,149.0,198.0,273.5
4799756a8f9dda34299801a613f6175124e06094ed475bb920a77c5e1ee8ca60,2026-01-26T12:00:00+01:00,2026-02-01 11:00:00+00:00,9,144.0,467.2975066376184,467,champion,healthy,15682f6be018f30297392bda75887a3f89bd48268bc00c1bdda73340408ebba7,f3c7998026261a2e1726c7131e72a648f23038f537348645bc030b37f33009c8,29fe462d72acc526a154415b00881baaba6dd59ad3d1cb74c34b9effa46c5596,539.0,389.0,478.0
4799756a8f9dda34299801a613f6175124e06094ed475bb920a77c5e1ee8ca60,2026-01-26T12:00:00+01:00,2026-02-02 06:00:00+00:00,1,163.0,3396.1526733975197,3396,champion,healthy,15682f6be018f30297392bda75887a3f89bd48268bc00c1bdda73340408ebba7,f3c7998026261a2e1726c7131e72a648f23038f537348645bc030b37f33009c8,29fe462d72acc526a154415b00881baaba6dd59ad3d1cb74c34b9effa46c5596,3661.0,3496.0,3799.5
4799756a8f9dda34299801a613f6175124e06094ed475bb920a77c5e1ee8ca60,2026-01-26T12:00:00+01:00,2026-02-02 06:00:00+00:00,10,163.0,2269.615260368271,2270,champion,healthy,15682f6be018f30297392bda75887a3f89bd48268bc00c1bdda73340408ebba7,f3c7998026261a2e1726c7131e72a648f23038f537348645bc030b37f33009c8,29fe462d72acc526a154415b00881baaba6dd59ad3d1cb74c34b9effa46c5596,1921.0,2229.0,2050.0
4799756a8f9dda34299801a613f6175124e06094ed475bb920a77c5e1ee8ca60,2026-01-26T12:00:00+01:00,2026-02-02 06:00:00+00:00,2,163.0,350.043628076352,350,champion,healthy,15682f6be018f30297392bda75887a3f89bd48268bc00c1bdda73340408ebba7,f3c7998026261a2e1726c7131e72a648f23038f537348645bc030b37f33009c8,29fe462d72acc526a154415b00881baaba6dd59ad3d1cb74c34b9effa46c5596,322.0,307.0,364.0
4799756a8f9dda34299801a613f6175124e06094ed475bb920a77c5e1ee8ca60,2026-01-26T12:00:00+01:00,2026-02-02 06:00:00+00:00,3,163.0,826.0098893005354,826,champion,healthy,15682f6be018f30297392bda75887a3f89bd48268bc00c1bdda73340408ebba7,f3c7998026261a2e1726c7131e72a648f23038f537348645bc030b37f33009c8,29fe462d72acc526a154415b00881baaba6dd59ad3d1cb74c34b9effa46c5596,917.0,796.0,924.0
4799756a8f9dda34299801a613f6175124e06094ed475bb920a77c5e1ee8ca60,2026-01-26T12:00:00+01:00,2026-02-02 06:00:00+00:00,4,163.0,1265.026325026278,1265,champion,healthy,15682f6be018f30297392bda75887a3f89bd48268bc00c1bdda73340408ebba7,f3c7998026261a2e1726c7131e72a648f23038f537348645bc030b37f33009c8,29fe462d72acc526a154415b00881baaba6dd59ad3d1cb74c34b9effa46c5596,1311.0,1450.0,1355.0
4799756a8f9dda34299801a613f6175124e06094ed475bb920a77c5e1ee8ca60,2026-01-26T12:00:00+01:00,2026-02-02 06:00:00+00:00,5,163.0,2511.5961699225336,2512,champion,healthy,15682f6be018f30297392bda75887a3f89bd48268bc00c1bdda73340408ebba7,f3c7998026261a2e1726c7131e72a648f23038f537348645bc030b37f33009c8,29fe462d72acc526a154415b00881baaba6dd59ad3d1cb74c34b9effa46c5596,2818.0,2713.0,2671.0
4799756a8f9dda34299801a613f6175124e06094ed475bb920a77c5e1ee8ca60,2026-01-26T12:00:00+01:00,2026-02-02 06:00:00+00:00,6,163.0,2309.2339699284557,2309,champion,healthy,15682f6be018f30297392bda75887a3f89bd48268bc00c1bdda73340408ebba7,f3c7998026261a2e1726c7131e72a648f23038f537348645bc030b37f33009c8,29fe462d72acc526a154415b00881baaba6dd59ad3d1cb74c34b9effa46c5596,1835.0,2172.0,2258.0
4799756a8f9dda34299801a613f6175124e06094ed475bb920a77c5e1ee8ca60,2026-01-26T12:00:00+01:00,2026-02-02 06:00:00+00:00,7,163.0,231.56677503153855,232,champion,healthy,15682f6be018f30297392bda75887a3f89bd48268bc00c1bdda73340408ebba7,f3c7998026261a2e1726c7131e72a648f23038f537348645bc030b37f33009c8,29fe462d72acc526a154415b00881baaba6dd59ad3d1cb74c34b9effa46c5596,187.0,222.0,226.5
4799756a8f9dda34299801a613f6175124e06094ed475bb920a77c5e1ee8ca60,2026-01-26T12:00:00+01:00,2026-02-02 06:00:00+00:00,8,163.0,394.7326559502425,395,champion,healthy,15682f6be018f30297392bda75887a3f89bd48268bc00c1bdda73340408ebba7,f3c7998026261a2e1726c7131e72a648f23038f537348645bc030b37f33009c8,29fe462d72acc526a154415b00881baaba6dd59ad3d1cb74c34b9effa46c5596,421.0,420.0,476.0
4799756a8f9dda34299801a613f6175124e06094ed475bb920a77c5e1ee8ca60,2026-01-26T12:00:00+01:00,2026-02-02 06:00:00+00:00,9,163.0,942.8247862552164,943,champion,healthy,15682f6be018f30297392bda75887a3f89bd48268bc00c1bdda73340408ebba7,f3c7998026261a2e1726c7131e72a648f23038f537348645bc030b37f33009c8,29fe462d72acc526a154415b00881baaba6dd59ad3d1cb74c34b9effa46c5596,947.0,879.0,838.5
4799756a8f9dda34299801a613f6175124e06094ed475bb920a77c5e1ee8ca60,2026-01-26T12:00:00+01:00,2026-02-02 07:00:00+00:00,1,164.0,3140.7179802820774,3141,champion,healthy,15682f6be018f30297392bda75887a3f89bd48268bc00c1bdda73340408ebba7,f3c7998026261a2e1726c7131e72a648f23038f537348645bc030b37f33009c8,29fe462d72acc526a154415b00881baaba6dd59ad3d1cb74c34b9effa46c5596,3426.0,2821.0,3395.0
4799756a8f9dda34299801a613f6175124e06094ed475bb920a77c5e1ee8ca60,2026-01-26T12:00:00+01:00,2026-02-02 07:00:00+00:00,10,164.0,3178.587116908886,3179,champion,healthy,15682f6be018f30297392bda75887a3f89bd48268bc00c1bdda73340408ebba7,f3c7998026261a2e1726c7131e72a648f23038f537348645bc030b37f33009c8,29fe462d72acc526a154415b00881baaba6dd59ad3d1cb74c34b9effa46c5596,3120.0,3110.0,2977.0
4799756a8f9dda34299801a613f6175124e06094ed475bb920a77c5e1ee8ca60,2026-01-26T12:00:00+01:00,2026-02-02 07:00:00+00:00,2,164.0,336.8393479409003,337,champion,healthy,15682f6be018f30297392bda75887a3f89bd48268bc00c1bdda73340408ebba7,f3c7998026261a2e1726c7131e72a648f23038f537348645bc030b37f33009c8,29fe462d72acc526a154415b00881baaba6dd59ad3d1cb74c34b9effa46c5596,343.0,268.0,320.0
4799756a8f9dda34299801a613f6175124e06094ed475bb920a77c5e1ee8ca60,2026-01-26T12:00:00+01:00,2026-02-02 07:00:00+00:00,3,164.0,1030.0412340822375,1030,champion,healthy,15682f6be018f30297392bda75887a3f89bd48268bc00c1bdda73340408ebba7,f3c7998026261a2e1726c7131e72a648f23038f537348645bc030b37f33009c8,29fe462d72acc526a154415b00881baaba6dd59ad3d1cb74c34b9effa46c5596,1022.0,1147.0,1106.0
4799756a8f9dda34299801a613f6175124e06094ed475bb920a77c5e1ee8ca60,2026-01-26T12:00:00+01:00,2026-02-02 07:00:00+00:00,4,164.0,1743.1286217694728,1743,champion,healthy,15682f6be018f30297392bda75887a3f89bd48268bc00c1bdda73340408ebba7,f3c7998026261a2e1726c7131e72a648f23038f537348645bc030b37f33009c8,29fe462d72acc526a154415b00881baaba6dd59ad3d1cb74c34b9effa46c5596,1959.0,1852.0,1929.0
4799756a8f9dda34299801a613f6175124e06094ed475bb920a77c5e1ee8ca60,2026-01-26T12:00:00+01:00,2026-02-02 07:00:00+00:00,5,164.0,2495.427434952935,2495,champion,healthy,15682f6be018f30297392bda75887a3f89bd48268bc00c1bdda73340408ebba7,f3c7998026261a2e1726c7131e72a648f23038f537348645bc030b37f33009c8,29fe462d72acc526a154415b00881baaba6dd59ad3d1cb74c34b9effa46c5596,2740.0,2431.0,2500.5
4799756a8f9dda34299801a613f6175124e06094ed475bb920a77c5e1ee8ca60,2026-01-26T12:00:00+01:00,2026-02-02 07:00:00+00:00,6,164.0,3480.726952681707,3481,champion,healthy,15682f6be018f30297392bda75887a3f89bd48268bc00c1bdda73340408ebba7,f3c7998026261a2e1726c7131e72a648f23038f537348645bc030b37f33009c8,29fe462d72acc526a154415b00881baaba6dd59ad3d1cb74c34b9effa46c5596,3239.0,3152.0,3374.0
4799756a8f9dda34299801a613f6175124e06094ed475bb920a77c5e1ee8ca60,2026-01-26T12:00:00+01:00,2026-02-02 07:00:00+00:00,7,164.0,297.21849833197234,297,champion,healthy,15682f6be018f30297392bda75887a3f89bd48268bc00c1bdda73340408ebba7,f3c7998026261a2e1726c7131e72a648f23038f537348645bc030b37f33009c8,29fe462d72acc526a154415b00881baaba6dd59ad3d1cb74c34b9effa46c5596,318.0,305.0,311.0
4799756a8f9dda34299801a613f6175124e06094ed475bb920a77c5e1ee8ca60,2026-01-26T12:00:00+01:00,2026-02-02 07:00:00+00:00,8,164.0,507.25899185734033,507,champion,healthy,15682f6be018f30297392bda75887a3f89bd48268bc00c1bdda73340408ebba7,f3c7998026261a2e1726c7131e72a648f23038f537348645bc030b37f33009c8,29fe462d72acc526a154415b00881baaba6dd59ad3d1cb74c34b9effa46c5596,509.0,481.0,565.0
4799756a8f9dda34299801a613f6175124e06094ed475bb920a77c5e1ee8ca60,2026-01-26T12:00:00+01:00,2026-02-02 07:00:00+00:00,9,164.0,1366.2278048198705,1366,champion,healthy,15682f6be018f30297392bda75887a3f89bd48268bc00c1bdda73340408ebba7,f3c7998026261a2e1726c7131e72a648f23038f537348645bc030b37f33009c8,29fe462d72acc526a154415b00881baaba6dd59ad3d1cb74c34b9effa46c5596,1376.0,1213.0,1250.0
4799756a8f9dda34299801a613f6175124e06094ed475bb920a77c5e1ee8ca60,2026-01-26T12:00:00+01:00,2026-02-02 08:00:00+00:00,1,165.0,2102.0943116564404,2102,champion,healthy,15682f6be018f30297392bda75887a3f89bd48268bc00c1bdda73340408ebba7,f3c7998026261a2e1726c7131e72a648f23038f537348645bc030b37f33009c8,29fe462d72acc526a154415b00881baaba6dd59ad3d1cb74c34b9effa46c5596,2460.0,1766.0,2565.5
4799756a8f9dda34299801a613f6175124e06094ed475bb920a77c5e1ee8ca60,2026-01-26T12:00:00+01:00,2026-02-02 08:00:00+00:00,10,165.0,3612.5660911630875,3613,champion,healthy,15682f6be018f30297392bda75887a3f89bd48268bc00c1bdda73340408ebba7,f3c7998026261a2e1726c7131e72a648f23038f537348645bc030b37f33009c8,29fe462d72acc526a154415b00881baaba6dd59ad3d1cb74c34b9effa46c5596,3641.0,3559.0,3613.0
4799756a8f9dda34299801a613f6175124e06094ed475bb920a77c5e1ee8ca60,2026-01-26T12:00:00+01:00,2026-02-02 08:00:00+00:00,2,165.0,207.69648852771206,208,champion,healthy,15682f6be018f30297392bda75887a3f89bd48268bc00c1bdda73340408ebba7,f3c7998026261a2e1726c7131e72a648f23038f537348645bc030b37f33009c8,29fe462d72acc526a154415b00881baaba6dd59ad3d1cb74c34b9effa46c5596,216.0,305.0,236.0
4799756a8f9dda34299801a613f6175124e06094ed475bb920a77c5e1ee8ca60,2026-01-26T12:00:00+01:00,2026-02-02 08:00:00+00:00,3,165.0,869.9628936323317,870,champion,healthy,15682f6be018f30297392bda75887a3f89bd48268bc00c1bdda73340408ebba7,f3c7998026261a2e1726c7131e72a648f23038f537348645bc030b37f33009c8,29fe462d72acc526a154415b00881baaba6dd59ad3d1cb74c34b9effa46c5596,947.0,864.0,1066.5
4799756a8f9dda34299801a613f6175124e06094ed475bb920a77c5e1ee8ca60,2026-01-26T12:00:00+01:00,2026-02-02 08:00:00+00:00,4,165.0,1367.6492812615606,1368,champion,healthy,15682f6be018f30297392bda75887a3f89bd48268bc00c1bdda73340408ebba7,f3c7998026261a2e1726c7131e72a648f23038f537348645bc030b37f33009c8,29fe462d72acc526a154415b00881baaba6dd59ad3d1cb74c34b9effa46c5596,1261.0,1538.0,1559.0
4799756a8f9dda34299801a613f6175124e06094ed475bb920a77c5e1ee8ca60,2026-01-26T12:00:00+01:00,2026-02-02 08:00:00+00:00,5,165.0,2016.5897668968933,2017,champion,healthy,15682f6be018f30297392bda75887a3f89bd48268bc00c1bdda73340408ebba7,f3c7998026261a2e1726c7131e72a648f23038f537348645bc030b37f33009c8,29fe462d72acc526a154415b00881baaba6dd59ad3d1cb74c34b9effa46c5596,2143.0,1811.0,1979.0
4799756a8f9dda34299801a613f6175124e06094ed475bb920a77c5e1ee8ca60,2026-01-26T12:00:00+01:00,2026-02-02 08:00:00+00:00,6,165.0,3760.9605866307356,3761,champion,healthy,15682f6be018f30297392bda75887a3f89bd48268bc00c1bdda73340408ebba7,f3c7998026261a2e1726c7131e72a648f23038f537348645bc030b37f33009c8,29fe462d72acc526a154415b00881baaba6dd59ad3d1cb74c34b9effa46c5596,4184.0,3550.0,3967.5
4799756a8f9dda34299801a613f6175124e06094ed475bb920a77c5e1ee8ca60,2026-01-26T12:00:00+01:00,2026-02-02 08:00:00+00:00,7,165.0,243.02862770695128,243,champion,healthy,15682f6be018f30297392bda75887a3f89bd48268bc00c1bdda73340408ebba7,f3c7998026261a2e1726c7131e72a648f23038f537348645bc030b37f33009c8,29fe462d72acc526a154415b00881baaba6dd59ad3d1cb74c34b9effa46c5596,245.0,254.0,242.0
4799756a8f9dda34299801a613f6175124e06094ed475bb920a77c5e1ee8ca60,2026-01-26T12:00:00+01:00,2026-02-02 08:00:00+00:00,8,165.0,439.78773802747173,440,champion,healthy,15682f6be018f30297392bda75887a3f89bd48268bc00c1bdda73340408ebba7,f3c7998026261a2e1726c7131e72a648f23038f537348645bc030b37f33009c8,29fe462d72acc526a154415b00881baaba6dd59ad3d1cb74c34b9effa46c5596,416.0,374.0,512.0
4799756a8f9dda34299801a613f6175124e06094ed475bb920a77c5e1ee8ca60,2026-01-26T12:00:00+01:00,2026-02-02 08:00:00+00:00,9,165.0,1595.8084667374367,1596,champion,healthy,15682f6be018f30297392bda75887a3f89bd48268bc00c1bdda73340408ebba7,f3c7998026261a2e1726c7131e72a648f23038f537348645bc030b37f33009c8,29fe462d72acc526a154415b00881baaba6dd59ad3d1cb74c34b9effa46c5596,1499.0,1467.0,1507.0
4799756a8f9dda34299801a613f6175124e06094ed475bb920a77c5e1ee8ca60,2026-01-26T12:00:00+01:00,2026-02-02 09:00:00+00:00,1,166.0,1580.7992980744996,1581,champion,healthy,15682f6be018f30297392bda75887a3f89bd48268bc00c1bdda73340408ebba7,f3c7998026261a2e1726c7131e72a648f23038f537348645bc030b37f33009c8,29fe462d72acc526a154415b00881baaba6dd59ad3d1cb74c34b9effa46c5596,1853.0,1294.0,1757.0
4799756a8f9dda34299801a613f6175124e06094ed475bb920a77c5e1ee8ca60,2026-01-26T12:00:00+01:00,2026-02-02 09:00:00+00:00,10,166.0,3424.834136083782,3425,champion,healthy,15682f6be018f30297392bda75887a3f89bd48268bc00c1bdda73340408ebba7,f3c7998026261a2e1726c7131e72a648f23038f537348645bc030b37f33009c8,29fe462d72acc526a154415b00881baaba6dd59ad3d1cb74c34b9effa46c5596,3689.0,3860.0,3259.0
4799756a8f9dda34299801a613f6175124e06094ed475bb920a77c5e1ee8ca60,2026-01-26T12:00:00+01:00,2026-02-02 09:00:00+00:00,2,166.0,171.05246183505892,171,champion,healthy,15682f6be018f30297392bda75887a3f89bd48268bc00c1bdda73340408ebba7,f3c7998026261a2e1726c7131e72a648f23038f537348645bc030b37f33009c8,29fe462d72acc526a154415b00881baaba6dd59ad3d1cb74c34b9effa46c5596,156.0,169.0,204.0
4799756a8f9dda34299801a613f6175124e06094ed475bb920a77c5e1ee8ca60,2026-01-26T12:00:00+01:00,2026-02-02 09:00:00+00:00,3,166.0,707.5360986394633,708,champion,healthy,15682f6be018f30297392bda75887a3f89bd48268bc00c1bdda73340408ebba7,f3c7998026261a2e1726c7131e72a648f23038f537348645bc030b37f33009c8,29fe462d72acc526a154415b00881baaba6dd59ad3d1cb74c34b9effa46c5596,786.0,787.0,746.0
4799756a8f9dda34299801a613f6175124e06094ed475bb920a77c5e1ee8ca60,2026-01-26T12:00:00+01:00,2026-02-02 09:00:00+00:00,4,166.0,793.187024566517,793,champion,healthy,15682f6be018f30297392bda75887a3f89bd48268bc00c1bdda73340408ebba7,f3c7998026261a2e1726c7131e72a648f23038f537348645bc030b37f33009c8,29fe462d72acc526a154415b00881baaba6dd59ad3d1cb74c34b9effa46c5596,769.0,1067.0,969.5
4799756a8f9dda34299801a613f6175124e06094ed475bb920a77c5e1ee8ca60,2026-01-26T12:00:00+01:00,2026-02-02 09:00:00+00:00,5,166.0,1598.7587726826764,1599,champion,healthy,15682f6be018f30297392bda75887a3f89bd48268bc00c1bdda73340408ebba7,f3c7998026261a2e1726c7131e72a648f23038f537348645bc030b37f33009c8,29fe462d72acc526a154415b00881baaba6dd59ad3d1cb74c34b9effa46c5596,1569.0,1381.0,1569.0
4799756a8f9dda34299801a613f6175124e06094ed475bb920a77c5e1ee8ca60,2026-01-26T12:00:00+01:00,2026-02-02 09:00:00+00:00,6,166.0,3659.602603038055,3660,champion,healthy,15682f6be018f30297392bda75887a3f89bd48268bc00c1bdda73340408ebba7,f3c7998026261a2e1726c7131e72a648f23038f537348645bc030b37f33009c8,29fe462d72acc526a154415b00881baaba6dd59ad3d1cb74c34b9effa46c5596,3782.0,3648.0,3629.0
4799756a8f9dda34299801a613f6175124e06094ed475bb920a77c5e1ee8ca60,2026-01-26T12:00:00+01:00,2026-02-02 09:00:00+00:00,7,166.0,175.1788530402498,175,champion,healthy,15682f6be018f30297392bda75887a3f89bd48268bc00c1bdda73340408ebba7,f3c7998026261a2e1726c7131e72a648f23038f537348645bc030b37f33009c8,29fe462d72acc526a154415b00881baaba6dd59ad3d1cb74c34b9effa46c5596,167.0,157.0,160.0
4799756a8f9dda34299801a613f6175124e06094ed475bb920a77c5e1ee8ca60,2026-01-26T12:00:00+01:00,2026-02-02 09:00:00+00:00,8,166.0,358.88526977772835,359,champion,healthy,15682f6be018f30297392bda75887a3f89bd48268bc00c1bdda73340408ebba7,f3c7998026261a2e1726c7131e72a648f23038f537348645bc030b37f33009c8,29fe462d72acc526a154415b00881baaba6dd59ad3d1cb74c34b9effa46c5596,238.0,294.0,361.0
4799756a8f9dda34299801a613f6175124e06094ed475bb920a77c5e1ee8ca60,2026-01-26T12:00:00+01:00,2026-02-02 09:00:00+00:00,9,166.0,1429.111010106088,1429,champion,healthy,15682f6be018f30297392bda75887a3f89bd48268bc00c1bdda73340408ebba7,f3c7998026261a2e1726c7131e72a648f23038f537348645bc030b37f33009c8,29fe462d72acc526a154415b00881baaba6dd59ad3d1cb74c34b9effa46c5596,1384.0,1477.0,1378.0
4799756a8f9dda34299801a613f6175124e06094ed475bb920a77c5e1ee8ca60,2026-01-26T12:00:00+01:00,2026-02-02 10:00:00+00:00,1,167.0,1536.6793509836095,1537,champion,healthy,15682f6be018f30297392bda75887a3f89bd48268bc00c1bdda73340408ebba7,f3c7998026261a2e1726c7131e72a648f23038f537348645bc030b37f33009c8,29fe462d72acc526a154415b00881baaba6dd59ad3d1cb74c34b9effa46c5596,1477.0,1264.0,1569.0
4799756a8f9dda34299801a613f6175124e06094ed475bb920a77c5e1ee8ca60,2026-01-26T12:00:00+01:00,2026-02-02 10:00:00+00:00,10,167.0,2487.709041876531,2488,champion,healthy,15682f6be018f30297392bda75887a3f89bd48268bc00c1bdda73340408ebba7,f3c7998026261a2e1726c7131e72a648f23038f537348645bc030b37f33009c8,29fe462d72acc526a154415b00881baaba6dd59ad3d1cb74c34b9effa46c5596,2588.0,2316.0,2563.0
4799756a8f9dda34299801a613f6175124e06094ed475bb920a77c5e1ee8ca60,2026-01-26T12:00:00+01:00,2026-02-02 10:00:00+00:00,2,167.0,158.20069611845747,158,champion,healthy,15682f6be018f30297392bda75887a3f89bd48268bc00c1bdda73340408ebba7,f3c7998026261a2e1726c7131e72a648f23038f537348645bc030b37f33009c8,29fe462d72acc526a154415b00881baaba6dd59ad3d1cb74c34b9effa46c5596,149.0,155.0,187.0
4799756a8f9dda34299801a613f6175124e06094ed475bb920a77c5e1ee8ca60,2026-01-26T12:00:00+01:00,2026-02-02 10:00:00+00:00,3,167.0,590.0322209726943,590,champion,healthy,15682f6be018f30297392bda75887a3f89bd48268bc00c1bdda73340408ebba7,f3c7998026261a2e1726c7131e72a648f23038f537348645bc030b37f33009c8,29fe462d72acc526a154415b00881baaba6dd59ad3d1cb74c34b9effa46c5596,662.0,584.0,606.0
4799756a8f9dda34299801a613f6175124e06094ed475bb920a77c5e1ee8ca60,2026-01-26T12:00:00+01:00,2026-02-02 10:00:00+00:00,4,167.0,763.9026864037139,764,champion,healthy,15682f6be018f30297392bda75887a3f89bd48268bc00c1bdda73340408ebba7,f3c7998026261a2e1726c7131e72a648f23038f537348645bc030b37f33009c8,29fe462d72acc526a154415b00881baaba6dd59ad3d1cb74c34b9effa46c5596,885.0,686.0,777.0
4799756a8f9dda34299801a613f6175124e06094ed475bb920a77c5e1ee8ca60,2026-01-26T12:00:00+01:00,2026-02-02 10:00:00+00:00,5,167.0,1472.281333753495,1472,champion,healthy,15682f6be018f30297392bda75887a3f89bd48268bc00c1bdda73340408ebba7,f3c7998026261a2e1726c7131e72a648f23038f537348645bc030b37f33009c8,29fe462d72acc526a154415b00881baaba6dd59ad3d1cb74c34b9effa46c5596,1360.0,1442.0,1360.0
4799756a8f9dda34299801a613f6175124e06094ed475bb920a77c5e1ee8ca60,2026-01-26T12:00:00+01:00,2026-02-02 10:00:00+00:00,6,167.0,2745.77427880924,2746,champion,healthy,15682f6be018f30297392bda75887a3f89bd48268bc00c1bdda73340408ebba7,f3c7998026261a2e1726c7131e72a648f23038f537348645bc030b37f33009c8,29fe462d72acc526a154415b00881baaba6dd59ad3d1cb74c34b9effa46c5596,2209.0,2318.0,2647.0
4799756a8f9dda34299801a613f6175124e06094ed475bb920a77c5e1ee8ca60,2026-01-26T12:00:00+01:00,2026-02-02 10:00:00+00:00,7,167.0,140.5978528561684,141,champion,healthy,15682f6be018f30297392bda75887a3f89bd48268bc00c1bdda73340408ebba7,f3c7998026261a2e1726c7131e72a648f23038f537348645bc030b37f33009c8,29fe462d72acc526a154415b00881baaba6dd59ad3d1cb74c34b9effa46c5596,149.0,126.0,131.0
4799756a8f9dda34299801a613f6175124e06094ed475bb920a77c5e1ee8ca60,2026-01-26T12:00:00+01:00,2026-02-02 10:00:00+00:00,8,167.0,202.13562915734565,202,champion,healthy,15682f6be018f30297392bda75887a3f89bd48268bc00c1bdda73340408ebba7,f3c7998026261a2e1726c7131e72a648f23038f537348645bc030b37f33009c8,29fe462d72acc526a154415b00881baaba6dd59ad3d1cb74c34b9effa46c5596,174.0,117.0,270.0
4799756a8f9dda34299801a613f6175124e06094ed475bb920a77c5e1ee8ca60,2026-01-26T12:00:00+01:00,2026-02-02 10:00:00+00:00,9,167.0,1125.4519772131566,1125,champion,healthy,15682f6be018f30297392bda75887a3f89bd48268bc00c1bdda73340408ebba7,f3c7998026261a2e1726c7131e72a648f23038f537348645bc030b37f33009c8,29fe462d72acc526a154415b00881baaba6dd59ad3d1cb74c34b9effa46c5596,1043.0,1164.0,1002.5
4799756a8f9dda34299801a613f6175124e06094ed475bb920a77c5e1ee8ca60,2026-01-26T12:00:00+01:00,2026-02-02 11:00:00+00:00,1,168.0,1315.6970387950041,1316,champion,healthy,15682f6be018f30297392bda75887a3f89bd48268bc00c1bdda73340408ebba7,f3c7998026261a2e1726c7131e72a648f23038f537348645bc030b37f33009c8,29fe462d72acc526a154415b00881baaba6dd59ad3d1cb74c34b9effa46c5596,1157.0,1711.0,1451.0
4799756a8f9dda34299801a613f6175124e06094ed475bb920a77c5e1ee8ca60,2026-01-26T12:00:00+01:00,2026-02-02 11:00:00+00:00,10,168.0,2162.7185760504008,2163,champion,healthy,15682f6be018f30297392bda75887a3f89bd48268bc00c1bdda73340408ebba7,f3c7998026261a2e1726c7131e72a648f23038f537348645bc030b37f33009c8,29fe462d72acc526a154415b00881baaba6dd59ad3d1cb74c34b9effa46c5596,1781.0,2413.0,2012.0
4799756a8f9dda34299801a613f6175124e06094ed475bb920a77c5e1ee8ca60,2026-01-26T12:00:00+01:00,2026-02-02 11:00:00+00:00,2,168.0,156.24574038127776,156,champion,healthy,15682f6be018f30297392bda75887a3f89bd48268bc00c1bdda73340408ebba7,f3c7998026261a2e1726c7131e72a648f23038f537348645bc030b37f33009c8,29fe462d72acc526a154415b00881baaba6dd59ad3d1cb74c34b9effa46c5596,128.0,159.0,172.0
4799756a8f9dda34299801a613f6175124e06094ed475bb920a77c5e1ee8ca60,2026-01-26T12:00:00+01:00,2026-02-02 11:00:00+00:00,3,168.0,516.6609384019763,517,champion,healthy,15682f6be018f30297392bda75887a3f89bd48268bc00c1bdda73340408ebba7,f3c7998026261a2e1726c7131e72a648f23038f537348645bc030b37f33009c8,29fe462d72acc526a154415b00881baaba6dd59ad3d1cb74c34b9effa46c5596,412.0,433.0,550.5
4799756a8f9dda34299801a613f6175124e06094ed475bb920a77c5e1ee8ca60,2026-01-26T12:00:00+01:00,2026-02-02 11:00:00+00:00,4,168.0,633.1804601714551,633,champion,healthy,15682f6be018f30297392bda75887a3f89bd48268bc00c1bdda73340408ebba7,f3c7998026261a2e1726c7131e72a648f23038f537348645bc030b37f33009c8,29fe462d72acc526a154415b00881baaba6dd59ad3d1cb74c34b9effa46c5596,625.0,566.0,766.5
4799756a8f9dda34299801a613f6175124e06094ed475bb920a77c5e1ee8ca60,2026-01-26T12:00:00+01:00,2026-02-02 11:00:00+00:00,5,168.0,1292.3856442963806,1292,champion,healthy,15682f6be018f30297392bda75887a3f89bd48268bc00c1bdda73340408ebba7,f3c7998026261a2e1726c7131e72a648f23038f537348645bc030b37f33009c8,29fe462d72acc526a154415b00881baaba6dd59ad3d1cb74c34b9effa46c5596,1368.0,1288.0,1279.0
4799756a8f9dda34299801a613f6175124e06094ed475bb920a77c5e1ee8ca60,2026-01-26T12:00:00+01:00,2026-02-02 11:00:00+00:00,6,168.0,2288.4154689756438,2288,champion,healthy,15682f6be018f30297392bda75887a3f89bd48268bc00c1bdda73340408ebba7,f3c7998026261a2e1726c7131e72a648f23038f537348645bc030b37f33009c8,29fe462d72acc526a154415b00881baaba6dd59ad3d1cb74c34b9effa46c5596,1826.0,2619.0,2029.0
4799756a8f9dda34299801a613f6175124e06094ed475bb920a77c5e1ee8ca60,2026-01-26T12:00:00+01:00,2026-02-02 11:00:00+00:00,7,168.0,150.78441847076306,151,champion,healthy,15682f6be018f30297392bda75887a3f89bd48268bc00c1bdda73340408ebba7,f3c7998026261a2e1726c7131e72a648f23038f537348645bc030b37f33009c8,29fe462d72acc526a154415b00881baaba6dd59ad3d1cb74c34b9effa46c5596,129.0,109.0,128.0
4799756a8f9dda34299801a613f6175124e06094ed475bb920a77c5e1ee8ca60,2026-01-26T12:00:00+01:00,2026-02-02 11:00:00+00:00,8,168.0,194.57251686160635,195,champion,healthy,15682f6be018f30297392bda75887a3f89bd48268bc00c1bdda73340408ebba7,f3c7998026261a2e1726c7131e72a648f23038f537348645bc030b37f33009c8,29fe462d72acc526a154415b00881baaba6dd59ad3d1cb74c34b9effa46c5596,180.0,107.0,236.0
4799756a8f9dda34299801a613f6175124e06094ed475bb920a77c5e1ee8ca60,2026-01-26T12:00:00+01:00,2026-02-02 11:00:00+00:00,9,168.0,861.972011571658,862,champion,healthy,15682f6be018f30297392bda75887a3f89bd48268bc00c1bdda73340408ebba7,f3c7998026261a2e1726c7131e72a648f23038f537348645bc030b37f33009c8,29fe462d72acc526a154415b00881baaba6dd59ad3d1cb74c34b9effa46c5596,765.0,585.0,780.0
